trialnum,imagenum
1,2551
2,2824
3,1702
4,1382
5,1936
6,547
7,1936
8,164
9,1196
10,2839
11,2679
12,299
13,1162
14,1431
15,589
16,2162
17,1764
18,2834
19,2048
20,2825
21,2009
22,2828
23,1706
24,2803
25,2807
26,2839
27,1392
28,2017
29,1335
30,1041
31,1714
32,1242
33,19
34,2819
35,1862
36,1450
37,57
38,751
39,929
40,2257
41,73
42,739
43,2352
44,2836
45,108
46,2324
47,2340
48,2836
49,2805
50,177
51,738
52,2808
53,1445
54,249
55,1336
56,1564
57,954
58,923
59,1349
60,2811
61,2809
62,31
63,2836
64,495
65,1136
66,2813
67,2557
68,2679
69,2808
70,434
71,2063
72,229
73,1081
74,2045
75,2098
76,2806
77,1392
78,2043
79,2814
80,73
81,1921
82,1564
83,2811
84,2815
85,1431
86,2810
87,2304
88,2063
89,2103
90,1702
91,2818
92,1349
93,1706
94,687
95,164
96,1990
97,1349
98,2766
99,2793
100,2538
101,2324
102,2693
103,125
104,2827
105,690
106,2645
107,2804
108,790
109,1957
110,675
111,2816
112,974
113,2828
114,1032
115,1450
116,1466
117,1458
118,361
119,2418
120,551
121,84
122,1450
123,1714
124,2804
125,1879
126,2143
127,2324
128,1812
129,179
130,2485
131,1630
132,96
133,299
134,2504
135,1506
136,2836
137,2827
138,2283
139,363
140,2645
141,2283
142,2828
143,1336
144,2017
145,2840
146,545
147,1466
148,462
149,2823
150,1547
151,2836
152,680
153,790
154,2830
155,2824
156,2802
157,2806
158,1256
159,2814
160,954
161,2826
162,1586
163,751
164,1196
165,2836
166,1098
167,2478
168,2324
169,1466
170,2818
171,2704
172,680
173,2808
174,2838
175,2691
176,2645
177,2813
178,545
179,2485
180,2691
181,824
182,738
183,1859
184,1831
185,1957
186,2143
187,2811
188,2311
189,2538
190,2277
191,2824
192,1630
193,1481
194,115
195,318
196,1136
197,2551
198,719
199,256
200,1410
201,2277
202,177
203,585
204,2826
205,2825
206,2815
207,2823
208,952
209,1717
210,229
211,2807
212,589
213,164
214,2827
215,2803
216,2325
217,2806
218,1309
219,785
220,1706
221,1936
222,2818
223,954
224,2831
225,1041
226,2834
227,520
228,108
229,405
230,1739
231,849
232,1176
233,786
234,2803
235,1392
236,2808
237,547
238,2806
239,2679
240,579
241,2325
242,824
243,19
244,2590
245,2820
246,2810
247,636
248,1602
249,520
250,719
251,2828
252,73
253,1812
254,2827
255,1384
256,2831
257,2822
258,2809
259,2340
260,2038
261,2830
262,2444
263,1093
264,2839
265,1373
266,2827
267,2805
268,1828
269,76
270,687
271,527
272,1224
273,1450
274,1557
275,2066
276,1189
277,1168
278,734
279,2750
280,2103
281,2813
282,2838
283,1373
284,390
285,929
286,2819
287,2831
288,1309
289,84
290,84
291,2136
292,2835
293,2820
294,2827
295,1323
296,1764
297,2038
298,2808
299,57
300,675
301,1851
302,1093
303,785
304,1093
305,739
306,756
307,2402
308,2645
309,734
310,2691
311,2836
312,728
313,108
314,1506
315,728
316,2824
317,96
318,1458
319,1458
320,2741
321,796
322,1450
323,2107
324,1136
325,1435
326,96
327,408
328,1553
329,1514
330,2807
331,959
332,1506
333,2805
334,1648
335,1721
336,35
337,2827
338,2494
339,1217
340,660
341,1686
342,1188
343,1336
344,2252
345,2551
346,2374
347,959
348,952
349,2814
350,2325
351,1209
352,2826
353,785
354,1263
355,1768
356,2071
357,2185
358,2818
359,2832
360,1081
361,1118
362,1936
363,2826
364,1957
365,2679
366,771
367,2810
368,378
369,878
370,1189
371,1764
372,2277
373,579
374,2064
375,520
376,589
377,1705
378,335
379,2837
380,2159
381,2824
382,952
383,1093
384,2810
385,1291
386,2825
387,17
388,545
389,1910
390,76
391,2827
392,378
393,2504
394,1808
395,2817
396,2817
397,1336
398,675
399,2068
400,31
401,2811
402,1919
403,2624
404,1098
405,1514
406,390
407,687
408,2830
409,2133
410,2504
411,2810
412,1553
413,2444
414,2816
415,1136
416,880
417,17
418,1862
419,1648
420,2504
421,1121
422,1001
423,584
424,1093
425,318
426,96
427,2821
428,2825
429,1547
430,824
431,585
432,2103
433,2304
434,1118
435,2824
436,2311
437,485
438,2278
439,1189
440,610
441,1506
442,2143
443,296
444,2819
445,719
446,1998
447,1851
448,2838
449,636
450,2832
451,1812
452,547
453,2324
454,393
455,1415
456,405
457,1384
458,2444
459,363
460,1657
461,1503
462,2812
463,2831
464,495
465,2588
466,1028
467,1373
468,2402
469,2542
470,1648
471,2030
472,1209
473,2794
474,2838
475,2815
476,937
477,1602
478,1879
479,2817
480,1209
481,1875
482,579
483,2704
484,318
485,1242
486,2424
487,585
488,1392
489,179
490,937
491,1660
492,1900
493,2071
494,1679
495,1242
496,2713
497,796
498,2819
499,76
500,1001
501,2833
502,179
503,2812
504,880
505,2815
506,1481
507,501
508,1706
509,2066
510,1081
511,1028
512,2824
513,1445
514,390
515,2817
516,299
517,734
518,2325
519,179
520,1660
521,405
522,2257
523,787
524,1432
525,1121
526,2624
527,495
528,2822
529,1382
530,2590
531,658
532,2832
533,2551
534,2835
535,1862
536,108
537,1382
538,229
539,2113
540,2747
541,2487
542,485
543,96
544,2346
545,2802
546,2826
547,2829
548,2017
549,2542
550,2385
551,1851
552,1660
553,2063
554,2839
555,2272
556,1957
557,2822
558,2794
559,1657
560,2424
561,1404
562,2766
563,790
564,1648
565,2639
566,2324
567,955
568,1176
569,2802
570,2566
571,1481
572,2071
573,2831
574,1514
575,2808
576,2801
577,2829
578,1936
579,2346
580,2833
581,2048
582,2828
583,2807
584,1432
585,2494
586,2750
587,1382
588,1431
589,2813
590,44
591,405
592,2808
593,1828
594,2836
595,2818
596,638
597,2834
598,636
599,2374
600,2810
601,2252
602,1410
603,1679
604,2588
605,2823
606,1028
607,2802
608,2679
609,687
610,2835
611,1831
612,787
613,2030
614,1506
615,2833
616,2402
617,2823
618,2257
619,1328
620,2719
621,1921
622,177
623,937
624,1188
625,2250
626,2445
627,434
628,1458
629,1392
630,1395
631,1404
632,2804
633,1998
634,2832
635,1176
636,1162
637,2803
638,660
639,164
640,2811
641,1263
642,2741
643,1998
644,1557
645,2566
646,2824
647,2679
648,1910
649,2804
650,148
651,824
652,1428
653,125
654,2444
655,1287
656,1335
657,734
658,434
659,1399
660,1705
661,1547
662,2832
663,17
664,275
665,2803
666,1679
667,2030
668,2566
669,2374
670,1553
671,229
672,2693
673,593
674,2017
675,2143
676,1001
677,1349
678,2103
679,76
680,2825
681,1217
682,2819
683,2807
684,2542
685,1107
686,1764
687,2816
688,2424
689,1657
690,1032
691,462
692,675
693,125
694,734
695,1828
696,959
697,2826
698,2794
699,1399
700,660
701,2839
702,2829
703,2804
704,1395
705,728
706,880
707,790
708,1189
709,485
710,923
711,2418
712,756
713,1309
714,2812
715,2808
716,2374
717,275
718,2819
719,1957
720,551
721,2071
722,1432
723,1431
724,2828
725,2826
726,2143
727,1032
728,2418
729,164
730,2832
731,2826
732,2805
733,2737
734,2803
735,297
736,551
737,2538
738,551
739,1583
740,108
741,1808
742,1503
743,2538
744,954
745,1583
746,2831
747,1557
748,378
749,335
750,35
751,2098
752,2693
753,2045
754,2824
755,1998
756,2837
757,1449
758,2801
759,2814
760,2820
761,2445
762,2833
763,1328
764,2820
765,547
766,296
767,1768
768,2324
769,2485
770,1098
771,2551
772,610
773,1957
774,2829
775,1176
776,610
777,1392
778,2738
779,2542
780,589
781,923
782,728
783,2824
784,2824
785,2143
786,2478
787,2737
788,2043
789,2642
790,2814
791,636
792,1648
793,2645
794,1328
795,2811
796,2311
797,2418
798,2570
799,1990
800,2136
801,1717
802,1001
803,1851
804,2346
805,2814
806,179
807,2827
808,1721
809,1404
810,2747
811,923
812,966
813,2832
814,249
815,1415
816,2339
817,1984
818,2278
819,1323
820,177
821,2478
822,545
823,1217
824,1714
825,44
826,2826
827,1657
828,638
829,923
830,1957
831,2098
832,2838
833,756
834,408
835,1107
836,2278
837,275
838,1291
839,462
840,2098
841,2807
842,1098
843,2831
844,2808
845,2815
846,2825
847,1524
848,1919
849,2801
850,57
851,2805
852,2838
853,2821
854,2445
855,2162
856,2693
857,2107
858,1547
859,2324
860,2809
861,2837
862,462
863,249
864,2803
865,954
866,2809
867,297
868,2802
869,1808
870,1721
871,1910
872,2817
873,1217
874,880
875,2815
876,1242
877,1919
878,2811
879,658
880,2818
881,585
882,495
883,988
884,299
885,2385
886,880
887,462
888,408
889,2831
890,2304
891,1919
892,2589
893,2304
894,1503
895,164
896,1450
897,849
898,318
899,589
900,2445
901,1808
902,108
903,2272
904,2738
905,2839
906,393
907,2311
908,1404
909,585
910,929
911,1404
912,751
913,1445
914,2816
915,256
916,148
917,520
918,378
919,739
920,2833
921,2066
922,1382
923,1851
924,2747
925,955
926,1851
927,2825
928,318
929,1862
930,44
931,2802
932,1395
933,2827
934,2444
935,2816
936,2445
937,2807
938,545
939,390
940,297
941,1006
942,1432
943,988
944,2494
945,1384
946,2304
947,1524
948,19
949,35
950,2794
951,2812
952,2063
953,1705
954,2803
955,1136
956,2494
957,1714
958,785
959,2834
960,1564
961,756
962,1721
963,2283
964,1768
965,2829
966,1449
967,2801
968,2136
969,2801
970,1081
971,796
972,787
973,2818
974,405
975,1919
976,2766
977,1118
978,1812
979,2691
980,1553
981,1328
982,2750
983,959
984,494
985,988
986,2808
987,2639
988,44
989,2311
990,1851
991,1524
992,2272
993,1831
994,2159
995,2805
996,2828
997,2402
998,1503
999,2793
1000,361
1001,1506
1002,2815
1003,1910
1004,2185
1005,1121
1006,2835
1007,2808
1008,1415
1009,719
1010,2017
1011,408
1012,2250
1013,1445
1014,2837
1015,1028
1016,1998
1017,2805
1018,1831
1019,249
1020,1602
1021,2766
1022,2816
1023,593
1024,2424
1025,585
1026,2815
1027,1984
1028,738
1029,2802
1030,2719
1031,2818
1032,1984
1033,2819
1034,1291
1035,2810
1036,954
1037,501
1038,1349
1039,1224
1040,1679
1041,520
1042,2713
1043,680
1044,2813
1045,393
1046,1957
1047,2566
1048,2813
1049,2159
1050,2811
1051,1984
1052,937
1053,1168
1054,256
1055,1862
1056,545
1057,299
1058,1919
1059,1506
1060,937
1061,547
1062,2639
1063,520
1064,2588
1065,2823
1066,1449
1067,952
1068,1287
1069,1118
1070,1875
1071,2836
1072,579
1073,2809
1074,1768
1075,2068
1076,2835
1077,1309
1078,2816
1079,1586
1080,2807
1081,1768
1082,2840
1083,2827
1084,1395
1085,687
1086,2009
1087,1875
1088,2043
1089,495
1090,2445
1091,1196
1092,125
1093,2837
1094,2504
1095,2821
1096,1851
1097,2038
1098,2136
1099,485
1100,2812
1101,1188
1102,1547
1103,2813
1104,2009
1105,1209
1106,1919
1107,1660
1108,2809
1109,1189
1110,2113
1111,148
1112,2812
1113,1495
1114,549
1115,1328
1116,2812
1117,719
1118,1431
1119,1900
1120,2485
1121,2801
1122,378
1123,2840
1124,35
1125,1384
1126,824
1127,2838
1128,2551
1129,690
1130,2805
1131,296
1132,2747
1133,2252
1134,17
1135,1686
1136,2793
1137,786
1138,660
1139,2741
1140,937
1141,1006
1142,584
1143,2818
1144,2838
1145,1524
1146,638
1147,2738
1148,527
1149,1107
1150,1188
1151,2806
1152,2444
1153,2048
1154,2830
1155,2385
1156,1323
1157,2570
1158,2824
1159,527
1160,2823
1161,1431
1162,2068
1163,2815
1164,1041
1165,2133
1166,658
1167,1602
1168,1721
1169,84
1170,179
1171,2829
1172,2113
1173,2385
1174,296
1175,2821
1176,593
1177,1328
1178,1984
1179,2162
1180,992
1181,785
1182,751
1183,2339
1184,1586
1185,966
1186,2840
1187,1564
1188,955
1189,1399
1190,1287
1191,2837
1192,2570
1193,1862
1194,1717
1195,2645
1196,2570
1197,2835
1198,1686
1199,2588
1200,790
1201,2817
1202,2719
1203,954
1204,275
1205,2557
1206,361
1207,2834
1208,2838
1209,2828
1210,1323
1211,1990
1212,1657
1213,2840
1214,1399
1215,2068
1216,1495
1217,549
1218,1630
1219,2478
1220,2346
1221,687
1222,1287
1223,2832
1224,1879
1225,2713
1226,1224
1227,378
1228,2837
1229,785
1230,1136
1231,923
1232,1524
1233,2352
1234,393
1235,2257
1236,2542
1237,2272
1238,690
1239,2551
1240,2068
1241,756
1242,2834
1243,2043
1244,2801
1245,2107
1246,1410
1247,2045
1248,1764
1249,719
1250,593
1251,2136
1252,954
1253,363
1254,2639
1255,1686
1256,2809
1257,1209
1258,1256
1259,2017
1260,2832
1261,1081
1262,361
1263,2278
1264,1764
1265,2804
1266,2374
1267,249
1268,589
1269,2136
1270,2704
1271,545
1272,1506
1273,1263
1274,1768
1275,2009
1276,2834
1277,1449
1278,1990
1279,390
1280,1309
1281,2325
1282,2277
1283,378
1284,593
1285,179
1286,1001
1287,83
1288,2162
1289,1168
1290,2278
1291,148
1292,408
1293,229
1294,1686
1295,2804
1296,2741
1297,2833
1298,929
1299,2538
1300,2304
1301,2738
1302,2834
1303,2812
1304,2750
1305,2821
1306,1168
1307,57
1308,1328
1309,2107
1310,2814
1311,584
1312,1714
1313,31
1314,2806
1315,2252
1316,2826
1317,2063
1318,878
1319,148
1320,335
1321,1176
1322,2827
1323,1415
1324,73
1325,2098
1326,1466
1327,593
1328,2836
1329,335
1330,1524
1331,952
1332,2064
1333,73
1334,1466
1335,2835
1336,1990
1337,115
1338,2832
1339,1514
1340,2304
1341,2009
1342,2185
1343,2830
1344,495
1345,824
1346,1449
1347,1875
1348,1586
1349,610
1350,929
1351,2801
1352,2066
1353,1081
1354,2444
1355,2542
1356,2588
1357,1702
1358,2838
1359,2803
1360,2824
1361,2819
1362,1714
1363,1196
1364,361
1365,2719
1366,1445
1367,2815
1368,2250
1369,959
1370,2566
1371,2642
1372,579
1373,787
1374,1679
1375,2098
1376,2385
1377,2801
1378,2835
1379,756
1380,2807
1381,2278
1382,1859
1383,610
1384,1410
1385,2810
1386,952
1387,2063
1388,2805
1389,1990
1390,2325
1391,2557
1392,738
1393,2590
1394,2824
1395,2802
1396,2283
1397,2098
1398,952
1399,363
1400,738
1401,551
1402,2803
1403,1373
1404,2805
1405,31
1406,1291
1407,1217
1408,2838
1409,2737
1410,2352
1411,690
1412,2283
1413,2385
1414,1217
1415,734
1416,2737
1417,1564
1418,2133
1419,2257
1420,57
1421,2133
1422,1196
1423,992
1424,660
1425,2068
1426,1162
1427,1335
1428,2485
1429,2045
1430,2009
1431,2835
1432,660
1433,1739
1434,2551
1435,2839
1436,2829
1437,1256
1438,393
1439,1336
1440,2009
1441,2821
1442,2445
1443,1349
1444,1557
1445,1428
1446,638
1447,2445
1448,1481
1449,771
1450,771
1451,462
1452,1808
1453,2043
1454,849
1455,728
1456,1028
1457,2804
1458,2048
1459,1435
1460,2113
1461,2324
1462,2825
1463,57
1464,2133
1465,501
1466,494
1467,1431
1468,1287
1469,1553
1470,790
1471,2045
1472,1189
1473,1583
1474,2809
1475,824
1476,390
1477,2839
1478,1224
1479,1812
1480,2538
1481,148
1482,2693
1483,297
1484,2814
1485,2819
1486,1831
1487,1162
1488,690
1489,1450
1490,1162
1491,2185
1492,2807
1493,1384
1494,756
1495,2827
1496,1547
1497,1081
1498,551
1499,485
1500,2836
1501,2805
1502,494
1503,2821
1504,2815
1505,1706
1506,164
1507,2829
1508,2068
1509,1098
1510,2812
1511,1395
1512,2815
1513,83
1514,2813
1515,929
1516,31
1517,1936
1518,2840
1519,1291
1520,1032
1521,2811
1522,2814
1523,1450
1524,2821
1525,2340
1526,2827
1527,1399
1528,1209
1529,115
1530,1586
1531,2487
1532,1808
1533,275
1534,2820
1535,638
1536,2113
1537,361
1538,2805
1539,2339
1540,2837
1541,2819
1542,35
1543,954
1544,2487
1545,2834
1546,1660
1547,1162
1548,2738
1549,660
1550,1323
1551,2819
1552,2424
1553,1717
1554,584
1555,2159
1556,1217
1557,739
1558,1162
1559,2830
1560,2834
1561,1495
1562,2829
1563,2311
1564,84
1565,2813
1566,1196
1567,584
1568,2833
1569,2793
1570,880
1571,2820
1572,1168
1573,1395
1574,2713
1575,2830
1576,2645
1577,2645
1578,955
1579,2645
1580,2817
1581,2818
1582,2766
1583,2837
1584,2589
1585,751
1586,1900
1587,1768
1588,1564
1589,2837
1590,2810
1591,2566
1592,680
1593,2840
1594,2424
1595,954
1596,2494
1597,296
1598,2805
1599,1392
1600,1466
1601,824
1602,393
1603,2835
1604,1349
1605,2385
1606,680
1607,76
1608,1242
1609,974
1610,734
1611,2814
1612,19
1613,2017
1614,2642
1615,1287
1616,494
1617,2045
1618,296
1619,2402
1620,1263
1621,2812
1622,2143
1623,1739
1624,579
1625,2064
1626,1162
1627,974
1628,2806
1629,2277
1630,2346
1631,974
1632,2485
1633,2801
1634,2804
1635,2825
1636,739
1637,2815
1638,1435
1639,96
1640,2340
1641,1118
1642,2590
1643,2820
1644,2257
1645,2812
1646,1714
1647,988
1648,125
1649,2820
1650,2824
1651,2311
1652,2840
1653,2836
1654,1506
1655,1449
1656,2159
1657,2819
1658,2832
1659,2804
1660,2352
1661,1514
1662,2835
1663,2704
1664,2566
1665,1936
1666,2831
1667,2250
1668,1093
1669,2834
1670,2741
1671,1808
1672,148
1673,2719
1674,2691
1675,734
1676,2250
1677,2557
1678,1495
1679,2352
1680,1648
1681,2821
1682,1557
1683,44
1684,2071
1685,2823
1686,2832
1687,1428
1688,2542
1689,2283
1690,2836
1691,966
1692,2803
1693,2821
1694,35
1695,1524
1696,2823
1697,2566
1698,2817
1699,494
1700,2818
1701,335
1702,1001
1703,2835
1704,1630
1705,2818
1706,44
1707,2136
1708,1547
1709,1168
1710,2801
1711,2837
1712,76
1713,57
1714,2185
1715,2098
1716,1910
1717,2837
1718,1263
1719,2030
1720,1256
1721,1481
1722,959
1723,2741
1724,2352
1725,2064
1726,2487
1727,2801
1728,675
1729,1862
1730,1432
1731,2538
1732,2478
1733,2814
1734,2162
1735,1041
1736,2793
1737,2837
1738,2803
1739,1432
1740,2818
1741,2066
1742,1432
1743,2814
1744,1705
1745,1445
1746,2813
1747,1547
1748,2542
1749,2831
1750,2278
1751,2311
1752,2830
1753,2325
1754,1224
1755,1041
1756,2737
1757,2826
1758,2071
1759,84
1760,19
1761,2339
1762,115
1763,1121
1764,988
1765,547
1766,2030
1767,786
1768,2304
1769,2113
1770,2038
1771,2043
1772,1739
1773,2831
1774,2838
1775,1445
1776,547
1777,57
1778,76
1779,2048
1780,719
1781,96
1782,923
1783,2816
1784,2352
1785,249
1786,1921
1787,2833
1788,2804
1789,2324
1790,1176
1791,1812
1792,2402
1793,1602
1794,1702
1795,1553
1796,2818
1797,2346
1798,1875
1799,2803
1800,785
1801,256
1802,1524
1803,2829
1804,636
1805,2809
1806,83
1807,610
1808,2066
1809,2803
1810,363
1811,1702
1812,2826
1813,579
1814,2825
1815,1859
1816,1481
1817,2814
1818,2478
1819,1136
1820,2485
1821,1910
1822,878
1823,1121
1824,2424
1825,1514
1826,992
1827,2817
1828,520
1829,2277
1830,2794
1831,1309
1832,2833
1833,2827
1834,790
1835,966
1836,2107
1837,2834
1838,83
1839,2485
1840,2374
1841,1209
1842,390
1843,1808
1844,2766
1845,494
1846,2478
1847,1449
1848,2835
1849,2840
1850,2066
1851,2817
1852,2250
1853,2804
1854,2340
1855,1514
1856,966
1857,2821
1858,2814
1859,2113
1860,1336
1861,2806
1862,318
1863,2504
1864,2048
1865,2487
1866,1900
1867,1287
1868,83
1869,2747
1870,1586
1871,1107
1872,2809
1873,44
1874,2283
1875,2816
1876,1415
1877,2589
1878,84
1879,796
1880,2043
1881,2257
1882,1328
1883,2346
1884,2811
1885,2030
1886,275
1887,2818
1888,2815
1889,2808
1890,73
1891,2822
1892,2812
1893,2828
1894,1714
1895,1176
1896,1435
1897,1001
1898,790
1899,988
1900,164
1901,2823
1902,878
1903,108
1904,1717
1905,1557
1906,2820
1907,1242
1908,2624
1909,1879
1910,2802
1911,2821
1912,675
1913,880
1914,361
1915,299
1916,2478
1917,2071
1918,2159
1919,1328
1920,687
1921,2030
1922,959
1923,1256
1924,1395
1925,1705
1926,1328
1927,1309
1928,1553
1929,2810
1930,2691
1931,1032
1932,2185
1933,1006
1934,2810
1935,1495
1936,2098
1937,787
1938,1686
1939,1879
1940,2374
1941,2794
1942,2133
1943,992
1944,1291
1945,1921
1946,1415
1947,1431
1948,57
1949,2840
1950,2822
1951,2829
1952,2820
1953,1862
1954,880
1955,2738
1956,485
1957,1660
1958,2839
1959,2277
1960,1384
1961,1287
1962,2821
1963,771
1964,31
1965,2589
1966,2494
1967,1564
1968,2812
1969,485
1970,680
1971,2679
1972,719
1973,1702
1974,2804
1975,2805
1976,485
1977,2589
1978,1309
1979,1188
1980,1242
1981,1553
1982,2839
1983,1706
1984,2624
1985,992
1986,2836
1987,1168
1988,2402
1989,2819
1990,1919
1991,824
1992,2817
1993,2017
1994,1028
1995,2713
1996,2804
1997,2272
1998,2830
1999,1705
2000,675
2001,1583
2002,1335
2003,2066
2004,2828
2005,2801
2006,2829
2007,1098
2008,992
2009,1764
2010,1041
2011,1410
2012,1107
2013,256
2014,2804
2015,2814
2016,2103
2017,2804
2018,2737
2019,796
2020,2741
2021,589
2022,2504
2023,2802
2024,434
2025,2837
2026,923
2027,1859
2028,2806
2029,1410
2030,952
2031,2252
2032,1435
2033,2185
2034,1602
2035,2494
2036,2557
2037,2374
2038,2159
2039,1189
2040,2814
2041,2829
2042,2833
2043,675
2044,2823
2045,955
2046,1702
2047,73
2048,2809
2049,786
2050,1458
2051,2738
2052,1831
2053,2837
2054,249
2055,1428
2056,1006
2057,2830
2058,1349
2059,2816
2060,1586
2061,2064
2062,1032
2063,658
2064,771
2065,584
2066,31
2067,335
2068,2822
2069,2810
2070,2819
2071,2837
2072,1702
2073,2805
2074,690
2075,299
2076,462
2077,2833
2078,2402
2079,495
2080,405
2081,2133
2082,1392
2083,2831
2084,974
2085,2590
2086,955
2087,849
2088,1921
2089,2346
2090,929
2091,636
2092,2750
2093,1466
2094,2340
2095,405
2096,2816
2097,2822
2098,125
2099,296
2100,2809
2101,2832
2102,2485
2103,1812
2104,2590
2105,164
2106,2835
2107,2809
2108,2624
2109,2704
2110,2133
2111,1382
2112,2840
2113,408
2114,1481
2115,2747
2116,35
2117,1831
2118,2837
2119,2802
2120,974
2121,2818
2122,955
2123,108
2124,44
2125,1032
2126,256
2127,1287
2128,1957
2129,966
2130,2064
2131,1739
2132,2691
2133,1875
2134,1657
2135,1335
2136,2557
2137,2590
2138,408
2139,1263
2140,2808
2141,2820
2142,2159
2143,593
2144,2802
2145,734
2146,1028
2147,2250
2148,2810
2149,2045
2150,2103
2151,2838
2152,378
2153,1081
2154,1392
2155,2828
2156,549
2157,57
2158,1910
2159,2802
2160,1706
2161,1503
2162,796
2163,1705
2164,1121
2165,2588
2166,2819
2167,878
2168,734
2169,2807
2170,2840
2171,1495
2172,2832
2173,96
2174,2826
2175,796
2176,179
2177,1431
2178,299
2179,966
2180,1458
2181,2824
2182,2826
2183,335
2184,2812
2185,2828
2186,1495
2187,2802
2188,1373
2189,796
2190,593
2191,1764
2192,2639
2193,256
2194,1415
2195,2278
2196,73
2197,1382
2198,2839
2199,1450
2200,2810
2201,2185
2202,2823
2203,787
2204,2833
2205,2813
2206,520
2207,2839
2208,2340
2209,771
2210,2806
2211,125
2212,299
2213,2557
2214,2829
2215,378
2216,2839
2217,1242
2218,115
2219,2068
2220,520
2221,2159
2222,1686
2223,1081
2224,2825
2225,108
2226,2807
2227,2832
2228,2816
2229,1717
2230,2801
2231,2402
2232,1224
2233,849
2234,675
2235,31
2236,2825
2237,1006
2238,878
2239,2185
2240,1851
2241,485
2242,44
2243,2814
2244,2418
2245,2828
2246,959
2247,1107
2248,527
2249,275
2250,1900
2251,2821
2252,148
2253,2639
2254,1162
2255,1984
2256,2821
2257,2828
2258,494
2259,2794
2260,658
2261,249
2262,1209
2263,584
2264,335
2265,2272
2266,1998
2267,527
2268,1382
2269,2820
2270,2807
2271,125
2272,2838
2273,2808
2274,2487
2275,1921
2276,771
2277,2816
2278,2570
2279,2136
2280,2048
2281,2136
2282,1242
2283,1657
2284,952
2285,2793
2286,2538
2287,636
2288,2817
2289,2835
2290,1107
2291,2806
2292,527
2293,937
2294,2837
2295,19
2296,2017
2297,256
2298,974
2299,2803
2300,1006
2301,2836
2302,1660
2303,2835
2304,1336
2305,2817
2306,1217
2307,719
2308,2811
2309,739
2310,2339
2311,2838
2312,786
2313,1404
2314,1503
2315,2828
2316,2829
2317,2839
2318,2821
2319,2819
2320,2807
2321,992
2322,1557
2323,2339
2324,2352
2325,2829
2326,1921
2327,2826
2328,551
2329,2831
2330,551
2331,2809
2332,2272
2333,2810
2334,1900
2335,1630
2336,2624
2337,2750
2338,1432
2339,17
2340,2693
2341,1189
2342,275
2343,1768
2344,2624
2345,2679
2346,2809
2347,1384
2348,690
2349,1602
2350,2837
2351,2741
2352,434
2353,2829
2354,2813
2355,1679
2356,2557
2357,1910
2358,728
2359,2835
2360,501
2361,1415
2362,2339
2363,2827
2364,579
2365,2829
2366,229
2367,1121
2368,2832
2369,177
2370,2704
2371,2588
2372,878
2373,2825
2374,1384
2375,1739
2376,584
2377,2278
2378,2815
2379,1910
2380,929
2381,1168
2382,2277
2383,1404
2384,1503
2385,2385
2386,1428
2387,728
2388,35
2389,2840
2390,1188
2391,1098
2392,2831
2393,35
2394,1093
2395,2257
2396,2704
2397,1990
2398,1373
2399,1189
2400,2815
2401,2642
2402,2551
2403,84
2404,179
2405,2810
2406,2009
2407,675
2408,179
2409,2374
2410,2811
2411,2815
2412,756
2413,547
2414,1660
2415,2693
2416,2825
2417,148
2418,988
2419,2808
2420,2639
2421,1859
2422,2810
2423,1831
2424,547
2425,2820
2426,1466
2427,361
2428,638
2429,929
2430,1384
2431,1432
2432,2418
2433,494
2434,2819
2435,785
2436,2807
2437,501
2438,1583
2439,1984
2440,1410
2441,2811
2442,547
2443,1524
2444,2815
2445,2834
2446,1657
2447,462
2448,2250
2449,1323
2450,2311
2451,1098
2452,177
2453,2807
2454,1706
2455,1686
2456,1764
2457,2542
2458,2836
2459,955
2460,1196
2461,2589
2462,2838
2463,1910
2464,2821
2465,297
2466,1630
2467,462
2468,584
2469,2819
2470,2801
2471,2806
2472,1445
2473,2064
2474,2737
2475,1583
2476,393
2477,83
2478,1514
2479,1242
2480,2570
2481,585
2482,1583
2483,2835
2484,393
2485,2030
2486,19
2487,2806
2488,1919
2489,1717
2490,849
2491,2802
2492,690
2493,2823
2494,495
2495,1001
2496,2840
2497,660
2498,2570
2499,2704
2500,2836
2501,638
2502,148
2503,974
2504,2693
2505,1449
2506,2424
2507,520
2508,2831
2509,2766
2510,1384
2511,1630
2512,1373
2513,1851
2514,2162
2515,527
2516,719
2517,1410
2518,1188
2519,2836
2520,2806
2521,1435
2522,751
2523,1263
2524,2794
2525,1435
2526,1564
2527,361
2528,1998
2529,2485
2530,2824
2531,1118
2532,2750
2533,1648
2534,297
2535,2817
2536,2737
2537,83
2538,1224
2539,1335
2540,2839
2541,549
2542,2063
2543,1564
2544,787
2545,2143
2546,787
2547,83
2548,1428
2549,2801
2550,2828
2551,658
2552,2824
2553,2045
2554,2838
2555,2642
2556,880
2557,2840
2558,1879
2559,1660
2560,1006
2561,2038
2562,2813
2563,2311
2564,2810
2565,878
2566,2823
2567,1399
2568,1041
2569,549
2570,2750
2571,2277
2572,2802
2573,408
2574,1706
2575,974
2576,2801
2577,1921
2578,551
2579,2833
2580,2642
2581,2833
2582,1323
2583,787
2584,1921
2585,527
2586,361
2587,434
2588,1564
2589,2713
2590,1506
2591,728
2592,1879
2593,2827
2594,1028
2595,2691
2596,2831
2597,2822
2598,17
2599,1335
2600,1557
2601,2162
2602,549
2603,1041
2604,1256
2605,2704
2606,1093
2607,1503
2608,2805
2609,1458
2610,687
2611,2808
2612,1189
2613,256
2614,1514
2615,2589
2616,1657
2617,1188
2618,2819
2619,1395
2620,2339
2621,2804
2622,2639
2623,638
2624,2445
2625,992
2626,1721
2627,2487
2628,229
2629,680
2630,2823
2631,73
2632,2589
2633,1862
2634,1041
2635,785
2636,2252
2637,1404
2638,378
2639,297
2640,2538
2641,1547
2642,2825
2643,751
2644,501
2645,2823
2646,1001
2647,1557
2648,2719
2649,2113
2650,1118
2651,2817
2652,787
2653,2825
2654,501
2655,2808
2656,393
2657,1168
2658,1399
2659,2030
2660,2829
2661,1256
2662,658
2663,390
2664,966
2665,2803
2666,2487
2667,2063
2668,1583
2669,2805
2670,2822
2671,2840
2672,1900
2673,1828
2674,2793
2675,2624
2676,2557
2677,2590
2678,2830
2679,1349
2680,2418
2681,501
2682,1764
2683,786
2684,2813
2685,2444
2686,937
2687,1399
2688,2818
2689,2816
2690,1739
2691,2766
2692,2642
2693,2693
2694,2812
2695,2009
2696,2830
2697,17
2698,790
2699,786
2700,2719
2701,2737
2702,638
2703,796
2704,2811
2705,2833
2706,545
2707,2325
2708,485
2709,1256
2710,2831
2711,1449
2712,1107
2713,658
2714,177
2715,1859
2716,2825
2717,1458
2718,551
2719,660
2720,1410
2721,1006
2722,393
2723,1919
2724,1984
2725,2813
2726,2824
2727,1323
2728,2830
2729,1686
2730,2504
2731,115
2732,2813
2733,2250
2734,955
2735,1196
2736,1121
2737,751
2738,2801
2739,1586
2740,636
2741,2804
2742,2252
2743,751
2744,2340
2745,363
2746,2803
2747,1107
2748,1445
2749,790
2750,2810
2751,658
2752,1399
2753,2802
2754,2804
2755,405
2756,2816
2757,2830
2758,2806
2759,2793
2760,318
2761,2566
2762,849
2763,2045
2764,785
2765,2538
2766,2828
2767,44
2768,249
2769,2822
2770,96
2771,2588
2772,2820
2773,1679
2774,2068
2775,2831
2776,2066
2777,923
2778,2832
2779,1602
2780,2813
2781,2811
2782,1875
2783,959
2784,2747
2785,1660
2786,1859
2787,1998
2788,2818
2789,2805
2790,1739
2791,1410
2792,966
2793,2833
2794,2812
2795,771
2796,2038
2797,2812
2798,2557
2799,2588
2800,1466
2801,2304
2802,2802
2803,610
2804,1336
2805,2822
2806,2813
2807,2103
2808,1481
2809,2691
2810,1812
2811,2826
2812,2494
2813,164
2814,2504
2815,1041
2816,2809
2817,31
2818,796
2819,1309
2820,2098
2821,2825
2822,1717
2823,2840
2824,2811
2825,1309
2826,1828
2827,83
2828,2794
2829,2679
2830,2834
2831,2833
2832,2836
2833,2811
2834,335
2835,229
2836,2252
2837,2494
2838,405
2839,1291
2840,2804
2841,2794
2842,751
2843,2071
2844,1739
2845,363
2846,2691
2847,2402
2848,2719
2849,19
2850,2822
2851,1466
2852,2816
2853,2806
2854,1679
2855,1630
2856,2283
2857,1547
2858,2809
2859,2551
2860,1495
2861,1118
2862,2811
2863,2840
2864,2816
2865,1209
2866,2766
2867,878
2868,771
2869,771
2870,2819
2871,937
2872,408
2873,2828
2874,2821
2875,31
2876,2840
2877,2063
2878,1006
2879,2833
2880,636
2881,1382
2882,35
2883,2818
2884,462
2885,19
2886,297
2887,929
2888,1176
2889,2071
2890,2038
2891,2570
2892,2325
2893,2340
2894,1828
2895,2590
2896,2162
2897,527
2898,1831
2899,738
2900,1136
2901,1900
2902,501
2903,2806
2904,2839
2905,2818
2906,1808
2907,2830
2908,2803
2909,738
2910,2066
2911,2374
2912,636
2913,296
2914,638
2915,2750
2916,2418
2917,2834
2918,1432
2919,1602
2920,2068
2921,728
2922,2836
2923,2570
2924,1118
2925,1812
2926,1032
2927,1323
2928,1936
2929,738
2930,2828
2931,2833
2932,2713
2933,318
2934,1990
2935,2252
2936,177
2937,585
2938,297
2939,2822
2940,2045
2941,2834
2942,2283
2943,2747
2944,318
2945,2830
2946,1553
2947,739
2948,2713
2949,2693
2950,2352
2951,296
2952,1984
2953,2385
2954,1107
2955,2810
2956,2822
2957,363
2958,1705
2959,1435
2960,2825
2961,177
2962,1121
2963,2824
2964,1812
2965,2832
2966,2713
2967,2159
2968,1373
2969,2832
2970,2834
2971,76
2972,687
2973,849
2974,549
2975,1217
2976,1503
2977,2272
2978,1323
2979,610
2980,2113
2981,275
2982,2504
2983,2823
2984,937
2985,1032
2986,2805
2987,1121
2988,2113
2989,434
2990,275
2991,1657
2992,1900
2993,83
2994,2806
2995,2839
2996,299
2997,1706
2998,2793
2999,1196
3000,1224
3001,2478
3002,738
3003,2713
3004,1828
3005,1415
3006,878
3007,2766
3008,115
3009,2494
3010,2822
3011,728
3012,2826
3013,585
3014,108
3015,589
3016,1428
3017,1862
3018,2043
3019,1875
3020,125
3021,1118
3022,2143
3023,1702
3024,1263
3025,2340
3026,2807
3027,1395
3028,1990
3029,296
3030,1291
3031,2272
3032,2741
3033,2826
3034,2133
3035,2809
3036,952
3037,1188
3038,2808
3039,660
3040,2825
3041,2642
3042,786
3043,2444
3044,1721
3045,2827
3046,1721
3047,1287
3048,1630
3049,2570
3050,545
3051,2589
3052,2820
3053,2839
3054,1136
3055,2038
3056,2837
3057,2385
3058,1514
3059,2828
3060,2808
3061,2478
3062,2830
3063,756
3064,1404
3065,687
3066,1404
3067,2807
3068,2589
3069,690
3070,658
3071,786
3072,2817
3073,115
3074,1828
3075,84
3076,1263
3077,2277
3078,73
3079,2185
3080,2143
3081,2741
3082,2257
3083,2823
3084,1481
3085,992
3086,2624
3087,1032
3088,2812
3089,1435
3090,1373
3091,2807
3092,2257
3093,988
3094,177
3095,2822
3096,988
3097,2838
3098,1224
3099,2817
3100,1256
3101,1435
3102,1984
3103,2272
3104,2813
3105,849
3106,2071
3107,880
3108,2834
3109,1445
3110,1335
3111,1392
3112,2162
3113,1373
3114,2820
3115,2639
3116,2815
3117,2038
3118,955
3119,2820
3120,1602
3121,2820
3122,2839
3123,1586
3124,1957
3125,2821
3126,405
3127,1831
3128,1859
3129,1900
3130,2107
3131,2823
3132,593
3133,2445
3134,1217
3135,610
3136,680
3137,2811
3138,2806
3139,1714
3140,390
3141,1382
3142,2817
3143,1001
3144,1828
3145,1006
3146,756
3147,2801
3148,2826
3149,1702
3150,2806
3151,1093
3152,2747
3153,1176
3154,549
3155,1648
3156,1679
3157,959
3158,2487
3159,96
3160,2444
3161,1028
3162,2064
3163,2133
3164,2030
3165,434
3166,1431
3167,1859
3168,2250
3169,680
3170,1196
3171,2642
3172,1256
3173,2838
3174,2831
3175,434
3176,1449
3177,1495
3178,824
3179,1583
3180,2103
3181,1188
3182,115
3183,1081
3184,2107
3185,1648
3186,2107
3187,923
3188,363
3189,527
3190,501
3191,2738
3192,2808
3193,2487
3194,1428
3195,1399
3196,1768
3197,2418
3198,589
3199,2793
3200,2826
3201,2704
3202,2043
3203,2624
3204,2816
3205,1263
3206,1586
3207,1721
3208,2162
3209,1879
3210,2834
3211,1875
3212,549
3213,2048
3214,1936
3215,1349
3216,2750
3217,2834
3218,1176
3219,1686
3220,1428
3221,2283
3222,1291
3223,1714
3224,739
3225,297
3226,739
3227,2048
3228,1859
3229,2424
3230,2838
3231,2064
3232,2829
3233,966
3234,690
3235,2822
3236,17
3237,2812
3238,2820
3239,2835
3240,2823
3241,2103
3242,2830
3243,1336
3244,2048
3245,579
3246,1998
3247,2738
3248,2823
3249,1630
3250,2832
3251,1583
3252,1828
3253,494
3254,1739
3255,495
3256,1481
3257,2814
3258,1458
3259,2107
3260,579
3261,494
3262,2590
3263,2803
3264,589
3265,2017
3266,1553
3267,1921
3268,992
3269,584
3270,2835
3271,2827
3272,1717
3273,2103
3274,19
3275,390
3276,2817
3277,1162
3278,2814
3279,2043
3280,1495
3281,1648
3282,1524
3283,549
3284,2738
3285,1808
3286,229
3287,1098
3288,2822
3289,2346
3290,2339
3291,2813
3292,76
3293,1395
3294,2801
3295,2822
3296,1291
3297,1721
3298,2807
3299,2038
3300,17
3301,2816
3302,1768
3303,1936
3304,1335
3305,2737
3306,2346
3307,408
3308,2830
3309,2811
3310,2063
3311,2325
3312,125
3313,1717
3314,1458
3315,2831
3316,1705
3317,1336
3318,2645
3319,2009
3320,1428
3321,2719
3322,2814
3323,2278
3324,2827
3325,680
3326,1224
3327,2542
3328,2136
3329,593
3330,1209
3331,2805
3332,1705
3333,739
3334,2815
3335,2812
3336,318
3337,434
3338,2352
3339,17
3340,2809
3341,2252
3342,1093
3343,585
3344,335
3345,363
3346,1879
3347,1879
3348,2566
3349,2064
3350,2817
3351,1335
3352,2747
3353,2833
3354,229
3355,1098
3356,2107
3357,545
3358,1679
3359,1557
3360,1136
3361,2339
3362,115
3363,76
3364,2639
3365,1998
3366,1168
3367,2821
3368,495
3369,1450
3370,1028
3371,988
3372,2803
3373,2830
3374,2840
3375,2424
3376,256
3377,2802
3378,2802
3379,610
3380,2642
3381,974
3382,2839
3383,786
3384,1503
3385,1415
3386,1990
3387,2304
3388,249
3389,2679
3390,2719
3391,2588
3392,738
3393,84
3394,2820
3395,2809
3396,2816
3397,1875
3398,2418
3399,2822
3400,849
