trialnum,imagenum
1,1970
2,2365
3,1832
4,2509
5,88
6,1511
7,1459
8,2510
9,392
10,742
11,1099
12,2756
13,299
14,2476
15,73
16,1837
17,456
18,1829
19,74
20,1050
21,639
22,688
23,2576
24,1212
25,1343
26,1005
27,2569
28,1267
29,1447
30,1788
31,99
32,2188
33,596
34,1281
35,956
36,674
37,2559
38,2180
39,2402
40,1607
41,2695
42,386
43,678
44,415
45,1875
46,2307
47,1022
48,2284
49,780
50,1124
51,1992
52,1556
53,738
54,20
55,668
56,1833
57,1719
58,2513
59,1229
60,995
61,356
62,759
63,1136
64,2640
65,2123
66,589
67,2273
68,1236
69,1755
70,1924
71,1048
72,820
73,2619
74,526
75,2439
76,728
77,2154
78,134
79,75
80,2674
81,1444
82,2594
83,2259
84,2387
85,374
86,191
87,877
88,1244
89,800
90,1385
91,1843
92,2627
93,1720
94,1621
95,2013
96,670
97,574
98,223
99,1383
100,940
101,2369
102,1674
103,2005
104,1700
105,1527
106,798
107,2419
108,65
109,2145
110,2282
111,1119
112,1509
113,2164
114,1061
115,1365
116,1226
117,2775
118,876
119,422
120,236
121,1117
122,1470
123,2197
124,2283
125,878
126,2126
127,2207
128,717
129,2171
130,2605
131,1825
132,1732
133,646
134,636
135,732
136,470
137,128
138,1094
139,662
140,612
141,2480
142,2134
143,1004
144,1151
145,375
146,1057
147,1594
148,1466
149,1224
150,2192
151,1696
152,723
153,619
154,898
155,947
156,196
157,1427
158,1455
159,2732
160,2329
161,2290
162,2699
163,1325
164,2215
165,2249
166,1193
167,409
168,1489
169,1845
170,1827
171,323
172,2546
173,880
174,2467
175,1260
176,268
177,1441
178,2068
179,661
180,2754
181,96
182,35
183,553
184,1937
185,1685
186,1684
187,2071
188,343
189,2765
190,1975
191,2789
192,266
193,1059
194,271
195,425
196,1315
197,1591
198,1113
199,19
200,2391
201,943
202,1372
203,2437
204,1118
205,2410
206,1778
207,2186
208,1877
209,1457
210,2720
211,1518
212,2531
213,2777
214,565
215,1635
216,2050
217,2357
218,2545
219,2592
220,2511
221,1446
222,884
223,562
224,1366
225,1000
226,766
227,850
228,1205
229,1711
230,2112
231,1058
232,899
233,704
234,2157
235,2764
236,1595
237,1040
238,1873
239,399
240,558
241,2297
242,16
243,2639
244,699
245,2142
246,2572
247,2580
248,1632
249,1107
250,2361
251,571
252,1473
253,256
254,1892
255,416
256,1790
257,289
258,2617
259,1038
260,2000
261,2287
262,2351
263,1112
264,2340
265,803
266,1529
267,511
268,1294
269,914
270,1015
271,2305
272,1318
273,862
274,2264
275,919
276,127
277,1575
278,2245
279,536
280,1559
281,894
282,1216
283,118
284,1401
285,34
286,1186
287,2310
288,233
289,166
290,497
291,1714
292,434
293,656
294,1561
295,594
296,2244
297,2702
298,1577
299,1926
300,1912
301,1860
302,172
303,1626
304,63
305,1795
306,613
307,2266
308,918
309,2076
310,218
311,2371
312,2292
313,700
314,2417
315,1627
316,2623
317,1596
318,1074
319,389
320,912
321,337
322,609
323,1935
324,1803
325,1739
326,1704
327,2375
328,2247
329,2716
330,25
331,458
332,2087
333,1826
334,2771
335,1189
336,1540
337,2009
338,2470
339,1095
340,1752
341,2306
342,2767
343,464
344,330
345,442
346,274
347,908
348,273
349,2522
350,2435
351,1798
352,1542
353,238
354,615
355,1709
356,1485
357,2553
358,900
359,534
360,2708
361,2727
362,2587
363,2578
364,905
365,1936
366,1327
367,2364
368,2176
369,858
370,12
371,211
372,607
373,426
374,1158
375,663
376,1237
377,1329
378,1089
379,1568
380,254
381,2427
382,1569
383,1834
384,1170
385,985
386,1087
387,1642
388,1259
389,1003
390,1498
391,349
392,290
393,1882
394,1026
395,2788
396,2776
397,535
398,1465
399,39
400,412
401,964
402,2475
403,547
404,428
405,1526
406,249
407,1516
408,106
409,2081
410,1972
411,1769
412,623
413,2378
414,620
415,207
416,2042
417,920
418,1104
419,2104
420,1853
421,160
422,1230
423,2696
424,1661
425,78
426,1223
427,2416
428,934
429,2246
430,975
431,2014
432,561
433,2482
434,778
435,2174
436,1874
437,1338
438,1195
439,1349
440,94
441,573
442,994
443,833
444,1367
445,408
446,1847
447,2458
448,1603
449,567
450,694
451,2001
452,1092
453,2645
454,653
455,2398
456,1686
457,2490
458,1262
459,2216
460,396
461,1961
462,40
463,1623
464,2350
465,2652
466,771
467,2624
468,2201
469,463
470,1039
471,806
472,204
473,2026
474,314
475,2332
476,2165
477,572
478,757
479,1285
480,92
481,1289
482,388
483,1166
484,365
485,1999
486,1702
487,424
488,2132
489,1408
490,2129
491,1929
492,1547
493,1691
494,2472
495,2149
496,575
497,1091
498,98
499,893
500,1579
501,1796
502,991
503,1562
504,491
505,960
506,488
507,2225
508,1352
509,1307
510,2045
511,2381
512,578
513,2653
514,1952
515,770
516,923
517,1552
518,391
519,202
520,1332
521,616
522,320
523,473
524,2442
525,1560
526,962
527,259
528,1690
529,80
530,402
531,1110
532,403
533,517
534,468
535,1681
536,1891
537,1735
538,730
539,777
540,2648
541,1326
542,2078
543,1252
544,1710
545,1484
546,2462
547,633
548,1388
549,1419
550,1036
551,2120
552,142
553,2713
554,1593
555,1141
556,378
557,1628
558,896
559,815
560,2296
561,2279
562,24
563,1053
564,8
565,773
566,251
567,260
568,1824
569,1729
570,2672
571,2064
572,252
573,1543
574,1524
575,1167
576,2003
577,1131
578,1012
579,346
580,37
581,791
582,2327
583,420
584,2544
585,2242
586,843
587,1198
588,1799
589,2135
590,1346
591,760
592,2561
593,2719
594,2323
595,2548
596,1035
597,1081
598,807
599,1492
600,1261
601,2431
602,2136
603,2224
604,1494
605,1618
606,1488
607,1815
608,174
609,931
610,781
611,282
612,1422
613,1869
614,112
615,626
616,312
617,563
618,902
619,116
620,2317
621,231
622,7
623,2326
624,2454
625,2237
626,2760
627,2567
628,2451
629,2485
630,997
631,1606
632,1563
633,2082
634,1948
635,795
636,2575
637,2257
638,1161
639,2231
640,844
641,1159
642,941
643,381
644,1974
645,2189
646,1856
647,377
648,689
649,1633
650,1078
651,2345
652,1839
653,1020
654,1001
655,2512
656,853
657,2220
658,1899
659,2745
660,1723
661,1056
662,1793
663,2131
664,1333
665,529
666,48
667,1528
668,514
669,2363
670,2613
671,2366
672,2313
673,2016
674,332
675,1669
676,281
677,384
678,1025
679,1248
680,1382
681,1808
682,569
683,635
684,652
685,11
686,429
687,2707
688,1554
689,1986
690,1598
691,492
692,153
693,1111
694,138
695,1881
696,366
697,2359
698,2330
699,939
700,2388
701,2002
702,1770
703,2128
704,1397
705,2084
706,50
707,551
708,1984
709,2532
710,1268
711,1379
712,1636
713,1766
714,61
715,2655
716,2012
717,2665
718,1734
719,1051
720,1438
721,1163
722,495
723,1068
724,2360
725,2730
726,1612
727,564
728,2053
729,1409
730,457
731,279
732,1075
733,209
734,2355
735,977
736,2642
737,1643
738,2260
739,2606
740,1744
741,521
742,257
743,1011
744,453
745,1400
746,1505
747,1933
748,2500
749,285
750,155
751,1210
752,2518
753,2267
754,180
755,1705
756,2432
757,417
758,2704
759,158
760,2644
761,1682
762,1275
763,2429
764,2211
765,2741
766,1878
767,151
768,240
769,1337
770,141
771,703
772,1785
773,325
774,973
775,2277
776,1931
777,57
778,1722
779,1814
780,1176
781,2612
782,143
783,100
784,367
785,2090
786,1932
787,1314
788,708
789,1481
790,18
791,885
792,2428
793,484
794,1412
795,423
796,1900
797,345
798,122
799,1525
800,2762
801,2412
802,2059
803,2178
804,1841
805,1842
806,316
807,1969
808,1863
809,26
810,1079
811,641
812,1168
813,173
814,1258
815,1336
816,1458
817,2047
818,814
819,1147
820,716
821,2038
822,4
823,169
824,1440
825,1052
826,2262
827,383
828,467
829,2390
830,1283
831,1883
832,152
833,2105
834,748
835,1835
836,2600
837,255
838,1041
839,1179
840,1032
841,794
842,2095
843,1811
844,990
845,1429
846,1265
847,1295
848,2107
849,1801
850,1102
851,1539
852,2519
853,1602
854,835
855,379
856,1673
857,1857
858,2515
859,2521
860,2791
861,1486
862,150
863,743
864,996
865,1293
866,1566
867,1373
868,87
869,510
870,1190
871,1746
872,1405
873,801
874,933
875,1913
876,114
877,1760
878,2449
879,295
880,2156
881,401
882,1165
883,275
884,2054
885,2060
886,2021
887,897
888,1886
889,904
890,758
891,1323
892,932
893,2676
894,1240
895,1250
896,1450
897,676
898,2643
899,103
900,364
901,334
902,2630
903,2632
904,825
905,1851
906,1231
907,1344
908,58
909,953
910,2581
911,2074
912,1761
913,306
914,10
915,1588
916,706
917,774
918,1551
919,1726
920,2461
921,2423
922,713
923,2409
924,226
925,1114
926,2755
927,2079
928,2735
929,498
930,2175
931,82
932,1279
933,2353
934,1054
935,753
936,140
937,1644
938,339
939,707
940,1613
941,1640
942,1619
943,1548
944,837
945,2321
946,108
947,1782
948,790
949,2358
950,2138
951,1776
952,1328
953,744
954,294
955,2502
956,754
957,1340
958,42
959,927
960,28
961,1667
962,1437
963,2377
964,827
965,1784
966,2153
967,2774
968,2425
969,821
970,1786
971,2525
972,171
973,407
974,2159
975,350
976,147
977,438
978,1406
979,1713
980,2770
981,2205
982,2386
983,1758
984,650
985,1823
986,1302
987,2234
988,1423
989,2457
990,1822
991,2354
992,892
993,2158
994,342
995,2433
996,2166
997,999
998,2235
999,1063
1000,935
1001,2146
1002,440
1003,859
1004,291
1005,261
1006,1122
1007,2554
1008,414
1009,1483
1010,2010
1011,2759
1012,857
1013,739
1014,1407
1015,929
1016,2671
1017,2101
1018,1733
1019,1947
1020,1273
1021,32
1022,2692
1023,167
1024,2673
1025,471
1026,640
1027,2448
1028,1657
1029,411
1030,400
1031,1880
1032,115
1033,369
1034,1781
1035,1750
1036,2069
1037,36
1038,1962
1039,324
1040,582
1041,2742
1042,2236
1043,1116
1044,2479
1045,1536
1046,831
1047,185
1048,812
1049,64
1050,1251
1051,1616
1052,1199
1053,974
1054,466
1055,1957
1056,371
1057,2646
1058,1647
1059,2455
1060,372
1061,175
1062,2495
1063,871
1064,1506
1065,733
1066,967
1067,2514
1068,2426
1069,2465
1070,705
1071,262
1072,691
1073,104
1074,1597
1075,1978
1076,1862
1077,1150
1078,955
1079,110
1080,2070
1081,2311
1082,1086
1083,1694
1084,1816
1085,1985
1086,1537
1087,1951
1088,1069
1089,1064
1090,2800
1091,1242
1092,68
1093,247
1094,2680
1095,1981
1096,487
1097,1846
1098,2736
1099,1348
1100,33
1101,1331
1102,2568
1103,89
1104,1235
1105,2125
1106,1580
1107,311
1108,2155
1109,2119
1110,2537
1111,2638
1112,1807
1113,2566
1114,2670
1115,642
1116,856
1117,1558
1118,1918
1119,1919
1120,1460
1121,2586
1122,241
1123,671
1124,528
1125,1730
1126,2438
1127,1291
1128,2724
1129,1306
1130,1093
1131,660
1132,817
1133,2533
1134,2766
1135,1077
1136,1160
1137,1139
1138,1390
1139,2528
1140,1876
1141,1083
1142,1274
1143,461
1144,136
1145,2453
1146,1030
1147,2122
1148,710
1149,2651
1150,1712
1151,132
1152,2213
1153,2744
1154,804
1155,301
1156,590
1157,1708
1158,1895
1159,1202
1160,979
1161,591
1162,1615
1163,505
1164,2199
1165,2030
1166,1868
1167,479
1168,2384
1169,2615
1170,1534
1171,789
1172,2335
1173,382
1174,2098
1175,2650
1176,2055
1177,2183
1178,472
1179,1046
1180,1934
1181,1374
1182,2062
1183,1965
1184,2703
1185,1316
1186,2541
1187,1319
1188,1858
1189,2539
1190,2536
1191,2160
1192,1330
1193,946
1194,1270
1195,1065
1196,1433
1197,2202
1198,2529
1199,2450
1200,2376
1201,2274
1202,518
1203,53
1204,1156
1205,1017
1206,1449
1207,1292
1208,2341
1209,942
1210,1587
1211,948
1212,129
1213,1299
1214,984
1215,2256
1216,2066
1217,1138
1218,895
1219,741
1220,643
1221,232
1222,586
1223,2392
1224,1218
1225,1019
1226,1134
1227,2768
1228,2048
1229,1384
1230,1727
1231,659
1232,79
1233,1391
1234,2558
1235,1654
1236,2024
1237,720
1238,1987
1239,2681
1240,2543
1241,972
1242,559
1243,1480
1244,836
1245,1493
1246,1192
1247,2150
1248,851
1249,1771
1250,968
1251,1066
1252,2733
1253,1395
1254,811
1255,2040
1256,45
1257,2395
1258,309
1259,550
1260,965
1261,159
1262,557
1263,608
1264,2675
1265,135
1266,1683
1267,2542
1268,1304
1269,2779
1270,982
1271,454
1272,2697
1273,2229
1274,1787
1275,2193
1276,2230
1277,1818
1278,2608
1279,2723
1280,264
1281,182
1282,2523
1283,763
1284,2693
1285,86
1286,2065
1287,2464
1288,2077
1289,380
1290,1487
1291,2721
1292,2140
1293,2315
1294,445
1295,1234
1296,1641
1297,1392
1298,2641
1299,390
1300,501
1301,1080
1302,1049
1303,2787
1304,2367
1305,189
1306,1276
1307,2114
1308,809
1309,2499
1310,2405
1311,1009
1312,1146
1313,305
1314,810
1315,1754
1316,2248
1317,2747
1318,1737
1319,949
1320,161
1321,1454
1322,489
1323,277
1324,1545
1325,2271
1326,2280
1327,845
1328,2484
1329,1322
1330,1953
1331,235
1332,1861
1333,727
1334,184
1335,363
1336,891
1337,1838
1338,1820
1339,296
1340,1375
1341,1462
1342,1773
1343,541
1344,2474
1345,1253
1346,1942
1347,1143
1348,2093
1349,139
1350,318
1351,872
1352,2562
1353,1668
1354,2148
1355,683
1356,1201
1357,1404
1358,227
1359,22
1360,1740
1361,797
1362,1724
1363,2516
1364,785
1365,2797
1366,978
1367,2446
1368,2182
1369,2379
1370,2725
1371,43
1372,1128
1373,1377
1374,13
1375,2622
1376,1544
1377,1172
1378,916
1379,2331
1380,2019
1381,1649
1382,2044
1383,735
1384,1474
1385,1084
1386,1721
1387,154
1388,917
1389,2108
1390,2208
1391,2133
1392,1477
1393,2798
1394,1071
1395,538
1396,405
1397,2270
1398,2194
1399,1743
1400,2758
1401,225
1402,194
1403,2362
1404,2118
1405,76
1406,2339
1407,2684
1408,219
1409,360
1410,1703
1411,1707
1412,2796
1413,1171
1414,1855
1415,2289
1416,1047
1417,44
1418,1910
1419,2598
1420,1010
1421,2503
1422,1339
1423,1697
1424,1345
1425,298
1426,1320
1427,1662
1428,625
1429,1521
1430,2195
1431,105
1432,1898
1433,1789
1434,1028
1435,462
1436,866
1437,1925
1438,2460
1439,1692
1440,213
1441,2056
1442,1909
1443,2737
1444,1463
1445,657
1446,1411
1447,267
1448,1301
1449,1286
1450,1241
1451,373
1452,244
1453,540
1454,2481
1455,1605
1456,385
1457,193
1458,1208
1459,1994
1460,2406
1461,1435
1462,1531
1463,867
1464,1370
1465,2698
1466,879
1467,2089
1468,606
1469,548
1470,685
1471,1572
1472,1354
1473,976
1474,245
1475,1812
1476,133
1477,2761
1478,2714
1479,2124
1480,1977
1481,6
1482,1070
1483,2611
1484,2794
1485,1024
1486,621
1487,2656
1488,2678
1489,2534
1490,368
1491,119
1492,531
1493,1939
1494,1414
1495,629
1496,1356
1497,2301
1498,921
1499,1371
1500,1418
1501,673
1502,2473
1503,1571
1504,1013
1505,1467
1506,1728
1507,869
1508,1763
1509,1123
1510,2565
1511,329
1512,2583
1513,2100
1514,293
1515,165
1516,2162
1517,1393
1518,1604
1519,2312
1520,1629
1521,2336
1522,410
1523,164
1524,177
1525,2687
1526,2496
1527,347
1528,2210
1529,1517
1530,740
1531,2346
1532,2401
1533,2582
1534,1905
1535,357
1536,2637
1537,983
1538,477
1539,263
1540,598
1541,335
1542,1127
1543,1282
1544,1693
1545,446
1546,494
1547,2243
1548,2203
1549,190
1550,1549
1551,634
1552,954
1553,107
1554,300
1555,1848
1556,861
1557,1396
1558,2564
1559,1995
1560,2058
1561,2232
1562,313
1563,1082
1564,1625
1565,2602
1566,1443
1567,67
1568,198
1569,1269
1570,1239
1571,1034
1572,906
1573,666
1574,1399
1575,509
1576,1076
1577,813
1578,2772
1579,677
1580,2117
1581,1950
1582,1468
1583,938
1584,1988
1585,1849
1586,1656
1587,2527
1588,2185
1589,1911
1590,2782
1591,546
1592,54
1593,614
1594,1751
1595,2560
1596,359
1597,181
1598,910
1599,506
1600,731
1601,1916
1602,1943
1603,1650
1604,270
1605,1347
1606,2299
1607,1783
1608,992
1609,631
1610,2172
1611,1699
1612,579
1613,1016
1614,726
1615,269
1616,220
1617,2139
1618,2662
1619,583
1620,889
1621,1296
1622,1949
1623,2075
1624,1157
1625,201
1626,435
1627,1220
1628,2251
1629,1813
1630,1402
1631,49
1632,303
1633,829
1634,9
1635,2356
1636,2654
1637,2177
1638,1991
1639,1817
1640,1256
1641,2049
1642,2746
1643,1180
1644,1029
1645,1213
1646,2729
1647,692
1648,2706
1649,2556
1650,1491
1651,1670
1652,595
1653,1767
1654,672
1655,925
1656,523
1657,1310
1658,2385
1659,1514
1660,1637
1661,1200
1662,2443
1663,772
1664,881
1665,2085
1666,1129
1667,587
1668,1023
1669,336
1670,799
1671,555
1672,1355
1673,1115
1674,1645
1675,2241
1676,2585
1677,2141
1678,319
1679,2469
1680,2631
1681,1185
1682,1472
1683,822
1684,2008
1685,2590
1686,1966
1687,617
1688,2300
1689,1006
1690,2320
1691,887
1692,987
1693,525
1694,846
1695,787
1696,1671
1697,986
1698,1764
1699,341
1700,431
1701,502
1702,1922
1703,1550
1704,2607
1705,1451
1706,1859
1707,1896
1708,1090
1709,2441
1710,1303
1711,258
1712,170
1713,2168
1714,130
1715,126
1716,1646
1717,1917
1718,1055
1719,2217
1720,847
1721,448
1722,124
1723,1894
1724,2434
1725,675
1726,2584
1727,1249
1728,66
1729,1742
1730,1738
1731,1501
1732,543
1733,1188
1734,958
1735,1672
1736,222
1737,2492
1738,1821
1739,478
1740,2691
1741,2161
1742,537
1743,1387
1744,1464
1745,2223
1746,2314
1747,1197
1748,2318
1749,322
1750,2783
1751,952
1752,1762
1753,2063
1754,144
1755,890
1756,2080
1757,81
1758,2526
1759,2209
1760,51
1761,2501
1762,157
1763,1415
1764,1538
1765,1312
1766,2649
1767,1155
1768,719
1769,1600
1770,2411
1771,2394
1772,29
1773,1757
1774,1133
1775,998
1776,460
1777,2700
1778,2
1779,2233
1780,447
1781,237
1782,38
1783,1998
1784,1196
1785,762
1786,1915
1787,1227
1788,436
1789,283
1790,59
1791,1398
1792,1653
1793,1490
1794,145
1795,496
1796,2198
1797,1247
1798,655
1799,287
1800,1096
1801,1187
1802,2094
1803,1759
1804,886
1805,1523
1806,1221
1807,2659
1808,437
1809,2293
1810,2483
1811,715
1812,1533
1813,1353
1814,1907
1815,2550
1816,1225
1817,695
1818,2669
1819,924
1820,2144
1821,584
1822,2288
1823,2793
1824,1576
1825,1499
1826,1350
1827,1266
1828,1768
1829,2466
1830,1968
1831,2407
1832,2228
1833,331
1834,2073
1835,297
1836,855
1837,2491
1838,2440
1839,637
1840,1154
1841,1592
1842,1206
1843,1045
1844,1779
1845,2785
1846,239
1847,2647
1848,2227
1849,1800
1850,1530
1851,2250
1852,15
1853,1175
1854,2625
1855,1747
1856,500
1857,1791
1858,2780
1859,2563
1860,818
1861,2337
1862,328
1863,519
1864,2334
1865,1313
1866,1512
1867,2103
1868,1321
1869,1634
1870,1144
1871,1871
1872,1601
1873,1130
1874,2792
1875,2072
1876,520
1877,690
1878,1290
1879,1756
1880,398
1881,2137
1882,1655
1883,2276
1884,30
1885,2222
1886,2487
1887,2163
1888,1445
1889,512
1890,2018
1891,2027
1892,1715
1893,593
1894,2538
1895,1311
1896,2478
1897,527
1898,1982
1899,2196
1900,2658
1901,2109
1902,2022
1903,1126
1904,1555
1905,1162
1906,2635
1907,1105
1908,602
1909,1679
1910,1027
1911,2477
1912,443
1913,101
1914,1508
1915,2389
1916,1369
1917,860
1918,1425
1919,875
1920,2187
1921,901
1922,1960
1923,1410
1924,745
1925,1840
1926,1108
1927,665
1928,2396
1929,2278
1930,913
1931,751
1932,1376
1933,1109
1934,156
1935,1309
1936,1648
1937,1363
1938,2493
1939,84
1940,824
1941,549
1942,1958
1943,1389
1944,2020
1945,2781
1946,2588
1947,580
1948,1257
1949,1132
1950,432
1951,2751
1952,802
1953,355
1954,2610
1955,1358
1956,1456
1957,1300
1958,1424
1959,2397
1960,2099
1961,1792
1962,765
1963,2342
1964,1305
1965,1867
1966,1584
1967,834
1968,530
1969,1106
1970,605
1971,2400
1972,2061
1973,2298
1974,394
1975,2734
1976,903
1977,1959
1978,2372
1979,1284
1980,1864
1981,854
1982,1219
1983,243
1984,1207
1985,989
1986,2686
1987,793
1988,624
1989,1361
1990,750
1991,1426
1992,2628
1993,2790
1994,868
1995,882
1996,1865
1997,775
1998,1850
1999,2795
2000,474
2001,2415
2002,419
2003,756
2004,1233
2005,77
2006,1589
2007,654
2008,2255
2009,1522
2010,2011
2011,131
2012,936
2013,873
2014,1567
2015,317
2016,272
2017,1351
2018,970
2019,14
2020,1967
2021,1687
2022,206
2023,1535
2024,2239
2025,585
2026,503
2027,2413
2028,2218
2029,230
2030,2191
2031,1944
2032,1479
2033,1940
2034,680
2035,2092
2036,2268
2037,2091
2038,1482
2039,1360
2040,1452
2041,2121
2042,852
2043,2036
2044,362
2045,524
2046,2752
2047,1716
2048,725
2049,944
2050,1515
2051,1021
2052,121
2053,2179
2054,427
2055,1617
2056,2603
2057,863
2058,2778
2059,2015
2060,2667
2061,542
2062,1085
2063,2368
2064,2661
2065,1277
2066,1675
2067,2097
2068,418
2069,1416
2070,1608
2071,2634
2072,1060
2073,1666
2074,669
2075,2265
2076,779
2077,1573
2078,2167
2079,1334
2080,2445
2081,1852
2082,2604
2083,1638
2084,2319
2085,1586
2086,2252
2087,1177
2088,197
2089,1153
2090,2106
2091,439
2092,2468
2093,1609
2094,1884
2095,2212
2096,1553
2097,1203
2098,2601
2099,915
2100,95
2101,2577
2102,69
2103,515
2104,600
2105,162
2106,2459
2107,1828
2108,2204
2109,577
2110,168
2111,1072
2112,2505
2113,1565
2114,1889
2115,1689
2116,1297
2117,604
2118,248
2119,1614
2120,348
2121,217
2122,2471
2123,2436
2124,951
2125,945
2126,828
2127,1532
2128,2418
2129,1228
2130,1570
2131,545
2132,2739
2133,203
2134,1453
2135,2616
2136,864
2137,2497
2138,1908
2139,2281
2140,570
2141,2029
2142,839
2143,769
2144,1209
2145,2370
2146,85
2147,1357
2148,566
2149,2088
2150,1271
2151,1893
2152,684
2153,2403
2154,2113
2155,117
2156,1324
2157,1885
2158,2343
2159,2046
2160,2328
2161,747
2162,1663
2163,2524
2164,1436
2165,783
2166,2520
2167,1780
2168,2595
2169,111
2170,2596
2171,1906
2172,2031
2173,1420
2174,2430
2175,712
2176,1507
2177,123
2178,214
2179,2322
2180,2374
2181,796
2182,1184
2183,1831
2184,2626
2185,216
2186,278
2187,2540
2188,1043
2189,1500
2190,1149
2191,1664
2192,1660
2193,1098
2194,1651
2195,5
2196,838
2197,2549
2198,308
2199,1
2200,2261
2201,276
2202,805
2203,2028
2204,2258
2205,2169
2206,1620
2207,2488
2208,1169
2209,693
2210,2200
2211,552
2212,1152
2213,250
2214,746
2215,888
2216,1736
2217,2682
2218,2689
2219,1178
2220,2325
2221,1255
2222,2591
2223,842
2224,2504
2225,2535
2226,2308
2227,2551
2228,444
2229,480
2230,788
2231,1503
2232,592
2233,1611
2234,1264
2235,1246
2236,928
2237,599
2238,27
2239,2041
2240,2116
2241,2309
2242,679
2243,1217
2244,2710
2245,1927
2246,17
2247,1432
2248,393
2249,1191
2250,2750
2251,2618
2252,137
2253,2506
2254,292
2255,1007
2256,848
2257,1630
2258,724
2259,1364
2260,588
2261,2712
2262,1993
2263,2547
2264,686
2265,2025
2266,476
2267,1956
2268,2679
2269,1362
2270,2711
2271,2096
2272,1809
2273,2722
2274,568
2275,1431
2276,284
2277,957
2278,950
2279,2452
2280,2486
2281,1887
2282,2574
2283,644
2284,2757
2285,1902
2286,186
2287,72
2288,1772
2289,2349
2290,97
2291,971
2292,338
2293,2557
2294,60
2295,714
2296,1044
2297,544
2298,1695
2299,1448
2300,1731
2301,533
2302,2006
2303,980
2304,507
2305,93
2306,1741
2307,354
2308,682
2309,1830
2310,1659
2311,698
2312,451
2313,1706
2314,1475
2315,1359
2316,709
2317,280
2318,2614
2319,195
2320,2043
2321,993
2322,1802
2323,1381
2324,1461
2325,1430
2326,1546
2327,2717
2328,1541
2329,849
2330,1181
2331,2111
2332,2517
2333,1989
2334,1317
2335,1204
2336,630
2337,21
2338,2295
2339,776
2340,782
2341,1665
2342,786
2343,1698
2344,841
2345,1476
2346,1037
2347,208
2348,696
2349,1214
2350,2017
2351,1073
2352,2263
2353,1676
2354,2316
2355,2507
2356,2620
2357,1121
2358,2383
2359,2621
2360,2170
2361,1990
2362,2731
2363,2032
2364,1897
2365,1578
2366,681
2367,1148
2368,361
2369,1963
2370,865
2371,304
2372,2743
2373,1585
2374,1174
2375,2728
2376,2715
2377,192
2378,1368
2379,2286
2380,1298
2381,1417
2382,721
2383,1718
2384,2344
2385,1263
2386,1413
2387,830
2388,2352
2389,1478
2390,1557
2391,221
2392,664
2393,702
2394,2552
2395,969
2396,326
2397,610
2398,2033
2399,1901
2400,91
2401,737
2402,701
2403,2701
2404,2382
2405,1042
2406,1173
2407,922
2408,2086
2409,125
2410,711
2411,1278
2412,647
2413,52
2414,163
2415,449
2416,46
2417,1439
2418,1194
2419,200
2420,1879
2421,353
2422,883
2423,697
2424,2007
2425,1442
2426,1287
2427,2773
2428,1215
2429,1378
2430,499
2431,1403
2432,340
2433,1701
2434,959
2435,120
2436,421
2437,475
2438,576
2439,2786
2440,1031
2441,1775
2442,229
2443,2420
2444,2784
2445,736
2446,2718
2447,722
2448,1590
2449,2738
2450,1765
2451,83
2452,2599
2453,601
2454,1748
2455,2422
2456,2052
2457,2694
2458,1502
2459,1923
2460,1941
2461,344
2462,2338
2463,2571
2464,441
2465,188
2466,1639
2467,187
2468,1903
2469,1342
2470,2748
2471,1574
2472,430
2473,1870
2474,2102
2475,638
2476,404
2477,2753
2478,734
2479,1421
2480,907
2481,627
2482,1973
2483,413
2484,909
2485,2685
2486,1680
2487,1677
2488,2447
2489,490
2490,2769
2491,1872
2492,2219
2493,1125
2494,70
2495,1145
2496,1806
2497,1583
2498,23
2499,658
2500,632
2501,823
2502,376
2503,2184
2504,1946
2505,2214
2506,2555
2507,1996
2508,1471
2509,31
2510,768
2511,2657
2512,1062
2513,1238
2514,1971
2515,1564
2516,2444
2517,2629
2518,2303
2519,493
2520,1854
2521,2593
2522,452
2523,767
2524,215
2525,2663
2526,2039
2527,2272
2528,149
2529,2348
2530,2347
2531,2294
2532,228
2533,146
2534,397
2535,840
2536,2035
2537,2253
2538,2127
2539,2609
2540,1688
2541,1341
2542,649
2543,2324
2544,1495
2545,459
2546,2489
2547,2147
2548,1510
2549,648
2550,1002
2551,370
2552,2660
2553,1797
2554,2083
2555,826
2556,1980
2557,2181
2558,687
2559,265
2560,554
2561,2037
2562,597
2563,2004
2564,2285
2565,1308
2566,832
2567,1938
2568,2173
2569,315
2570,2749
2571,1496
2572,351
2573,1844
2574,556
2575,2034
2576,1434
2577,2110
2578,618
2579,1254
2580,966
2581,1519
2582,2690
2583,2238
2584,2456
2585,2498
2586,1469
2587,179
2588,47
2589,1930
2590,2051
2591,1836
2592,486
2593,1097
2594,1888
2595,1777
2596,1243
2597,406
2598,1120
2599,178
2600,1652
2601,2143
2602,2570
2603,242
2604,667
2605,2688
2606,1280
2607,504
2608,333
2609,2302
2610,1380
2611,1067
2612,1182
2613,2677
2614,1804
2615,1928
2616,71
2617,532
2618,1428
2619,2275
2620,2799
2621,622
2622,481
2623,539
2624,433
2625,1658
2626,1810
2627,2573
2628,2067
2629,307
2630,62
2631,2666
2632,90
2633,1137
2634,1222
2635,1749
2636,1805
2637,55
2638,1599
2639,2130
2640,395
2641,2151
2642,2636
2643,2414
2644,253
2645,102
2646,1088
2647,1631
2648,2463
2649,1774
2650,1164
2651,1245
2652,246
2653,465
2654,937
2655,2226
2656,1964
2657,560
2658,2373
2659,3
2660,2683
2661,1945
2662,1386
2663,1014
2664,2291
2665,205
2666,2705
2667,2408
2668,755
2669,988
2670,1335
2671,1101
2672,2633
2673,113
2674,645
2675,961
2676,1955
2677,1979
2678,1997
2679,2240
2680,1288
2681,2404
2682,1183
2683,1983
2684,1904
2685,1725
2686,761
2687,2304
2688,2597
2689,358
2690,628
2691,1211
2692,1142
2693,327
2694,1581
2695,792
2696,56
2697,1745
2698,926
2699,199
2700,2421
2701,2530
2702,2399
2703,1914
2704,1753
2705,224
2706,1272
2707,1819
2708,109
2709,2254
2710,930
2711,2579
2712,2057
2713,874
2714,1976
2715,2115
2716,508
2717,784
2718,1135
2719,513
2720,1497
2721,2152
2722,1921
2723,764
2724,310
2725,1520
2726,482
2727,1394
2728,2424
2729,176
2730,611
2731,387
2732,2664
2733,2494
2734,808
2735,1100
2736,183
2737,2380
2738,2393
2739,816
2740,450
2741,718
2742,148
2743,1008
2744,749
2745,981
2746,1920
2747,485
2748,2221
2749,1610
2750,1890
2751,212
2752,2508
2753,286
2754,1504
2755,1140
2756,2023
2757,1103
2758,288
2759,522
2760,2589
2761,2709
2762,469
2763,2206
2764,352
2765,2763
2766,2269
2767,2726
2768,752
2769,1954
2770,1232
2771,1866
2772,1513
2773,1018
2774,1624
2775,581
2776,1033
2777,210
2778,1717
2779,2668
2780,1794
2781,870
2782,1622
2783,516
2784,651
2785,819
2786,234
2787,729
2788,2190
2789,2740
2790,603
2791,1582
2792,302
2793,963
2794,2333
2795,41
2796,911
2797,483
2798,1678
2799,455
2800,321
2801,1970
2802,2365
2803,1832
2804,2509
2805,88
2806,1511
2807,1459
2808,2510
2809,392
2810,742
2811,1099
2812,2756
2813,299
2814,2476
2815,73
2816,1837
2817,456
2818,1829
2819,74
2820,1050
2821,639
2822,688
2823,2576
2824,1212
2825,1343
2826,1005
2827,2569
2828,1267
2829,1447
2830,1788
2831,99
2832,2188
2833,596
2834,1281
2835,956
2836,674
2837,2559
2838,2180
2839,2402
2840,1607
2841,2695
2842,386
2843,678
2844,415
2845,1875
2846,2307
2847,1022
2848,2284
2849,780
2850,1124
2851,1992
2852,1556
2853,738
2854,20
2855,668
2856,1833
2857,1719
2858,2513
2859,1229
2860,995
2861,356
2862,759
2863,1136
2864,2640
2865,2123
2866,589
2867,2273
2868,1236
2869,1755
2870,1924
2871,1048
2872,820
2873,2619
2874,526
2875,2439
2876,728
2877,2154
2878,134
2879,75
2880,2674
2881,1444
2882,2594
2883,2259
2884,2387
2885,374
2886,191
2887,877
2888,1244
2889,800
2890,1385
2891,1843
2892,2627
2893,1720
2894,1621
2895,2013
2896,670
2897,574
2898,223
2899,1383
2900,940
2901,2369
2902,1674
2903,2005
2904,1700
2905,1527
2906,798
2907,2419
2908,65
2909,2145
2910,2282
2911,1119
2912,1509
2913,2164
2914,1061
2915,1365
2916,1226
2917,2775
2918,876
2919,422
2920,236
2921,1117
2922,1470
2923,2197
2924,2283
2925,878
2926,2126
2927,2207
2928,717
2929,2171
2930,2605
2931,1825
2932,1732
2933,646
2934,636
2935,732
2936,470
2937,128
2938,1094
2939,662
2940,612
2941,2480
2942,2134
2943,1004
2944,1151
2945,375
2946,1057
2947,1594
2948,1466
2949,1224
2950,2192
2951,1696
2952,723
2953,619
2954,898
2955,947
2956,196
2957,1427
2958,1455
2959,2732
2960,2329
2961,2290
2962,2699
2963,1325
2964,2215
2965,2249
2966,1193
2967,409
2968,1489
2969,1845
2970,1827
2971,323
2972,2546
2973,880
2974,2467
2975,1260
2976,268
2977,1441
2978,2068
2979,661
2980,2754
2981,96
2982,35
2983,553
2984,1937
2985,1685
2986,1684
2987,2071
2988,343
2989,2765
2990,1975
2991,2789
2992,266
2993,1059
2994,271
2995,425
2996,1315
2997,1591
2998,1113
2999,19
3000,2391
3001,943
3002,1372
3003,2437
3004,1118
3005,2410
3006,1778
3007,2186
3008,1877
3009,1457
3010,2720
3011,1518
3012,2531
3013,2777
3014,565
3015,1635
3016,2050
3017,2357
3018,2545
3019,2592
3020,2511
3021,1446
3022,884
3023,562
3024,1366
3025,1000
3026,766
3027,850
3028,1205
3029,1711
3030,2112
3031,1058
3032,899
3033,704
3034,2157
3035,2764
3036,1595
3037,1040
3038,1873
3039,399
3040,558
3041,2297
3042,16
3043,2639
3044,699
3045,2142
3046,2572
3047,2580
3048,1632
3049,1107
3050,2361
3051,571
3052,1473
3053,256
3054,1892
3055,416
3056,1790
3057,289
3058,2617
3059,1038
3060,2000
3061,2287
3062,2351
3063,1112
3064,2340
3065,803
3066,1529
3067,511
3068,1294
3069,914
3070,1015
3071,2305
3072,1318
3073,862
3074,2264
3075,919
3076,127
3077,1575
3078,2245
3079,536
3080,1559
3081,894
3082,1216
3083,118
3084,1401
3085,34
3086,1186
3087,2310
3088,233
3089,166
3090,497
3091,1714
3092,434
3093,656
3094,1561
3095,594
3096,2244
3097,2702
3098,1577
3099,1926
3100,1912
3101,1860
3102,172
3103,1626
3104,63
3105,1795
3106,613
3107,2266
3108,918
3109,2076
3110,218
3111,2371
3112,2292
3113,700
3114,2417
3115,1627
3116,2623
3117,1596
3118,1074
3119,389
3120,912
3121,337
3122,609
3123,1935
3124,1803
3125,1739
3126,1704
3127,2375
3128,2247
3129,2716
3130,25
3131,458
3132,2087
3133,1826
3134,2771
3135,1189
3136,1540
3137,2009
3138,2470
3139,1095
3140,1752
3141,2306
3142,2767
3143,464
3144,330
3145,442
3146,274
3147,908
3148,273
3149,2522
3150,2435
3151,1798
3152,1542
3153,238
3154,615
3155,1709
3156,1485
3157,2553
3158,900
3159,534
3160,2708
3161,2727
3162,2587
3163,2578
3164,905
3165,1936
3166,1327
3167,2364
3168,2176
3169,858
3170,12
3171,211
3172,607
3173,426
3174,1158
3175,663
3176,1237
3177,1329
3178,1089
3179,1568
3180,254
3181,2427
3182,1569
3183,1834
3184,1170
3185,985
3186,1087
3187,1642
3188,1259
3189,1003
3190,1498
3191,349
3192,290
3193,1882
3194,1026
3195,2788
3196,2776
3197,535
3198,1465
3199,39
3200,412
3201,964
3202,2475
3203,547
3204,428
3205,1526
3206,249
3207,1516
3208,106
3209,2081
3210,1972
3211,1769
3212,623
3213,2378
3214,620
3215,207
3216,2042
3217,920
3218,1104
3219,2104
3220,1853
3221,160
3222,1230
3223,2696
3224,1661
3225,78
3226,1223
3227,2416
3228,934
3229,2246
3230,975
3231,2014
3232,561
3233,2482
3234,778
3235,2174
3236,1874
3237,1338
3238,1195
3239,1349
3240,94
3241,573
3242,994
3243,833
3244,1367
3245,408
3246,1847
3247,2458
3248,1603
3249,567
3250,694
3251,2001
3252,1092
3253,2645
3254,653
3255,2398
3256,1686
3257,2490
3258,1262
3259,2216
3260,396
3261,1961
3262,40
3263,1623
3264,2350
3265,2652
3266,771
3267,2624
3268,2201
3269,463
3270,1039
3271,806
3272,204
3273,2026
3274,314
3275,2332
3276,2165
3277,572
3278,757
3279,1285
3280,92
3281,1289
3282,388
3283,1166
3284,365
3285,1999
3286,1702
3287,424
3288,2132
3289,1408
3290,2129
3291,1929
3292,1547
3293,1691
3294,2472
3295,2149
3296,575
3297,1091
3298,98
3299,893
3300,1579
3301,1796
3302,991
3303,1562
3304,491
3305,960
3306,488
3307,2225
3308,1352
3309,1307
3310,2045
3311,2381
3312,578
3313,2653
3314,1952
3315,770
3316,923
3317,1552
3318,391
3319,202
3320,1332
3321,616
3322,320
3323,473
3324,2442
3325,1560
3326,962
3327,259
3328,1690
3329,80
3330,402
3331,1110
3332,403
3333,517
3334,468
3335,1681
3336,1891
3337,1735
3338,730
3339,777
3340,2648
3341,1326
3342,2078
3343,1252
3344,1710
3345,1484
3346,2462
3347,633
3348,1388
3349,1419
3350,1036
3351,2120
3352,142
3353,2713
3354,1593
3355,1141
3356,378
3357,1628
3358,896
3359,815
3360,2296
3361,2279
3362,24
3363,1053
3364,8
3365,773
3366,251
3367,260
3368,1824
3369,1729
3370,2672
3371,2064
3372,252
3373,1543
3374,1524
3375,1167
3376,2003
3377,1131
3378,1012
3379,346
3380,37
3381,791
3382,2327
3383,420
3384,2544
3385,2242
3386,843
3387,1198
3388,1799
3389,2135
3390,1346
3391,760
3392,2561
3393,2719
3394,2323
3395,2548
3396,1035
3397,1081
3398,807
3399,1492
3400,1261
3401,2431
3402,2136
3403,2224
3404,1494
3405,1618
3406,1488
3407,1815
3408,174
3409,931
3410,781
3411,282
3412,1422
3413,1869
3414,112
3415,626
3416,312
3417,563
3418,902
3419,116
3420,2317
3421,231
3422,7
3423,2326
3424,2454
3425,2237
3426,2760
3427,2567
3428,2451
3429,2485
3430,997
3431,1606
3432,1563
3433,2082
3434,1948
3435,795
3436,2575
3437,2257
3438,1161
3439,2231
3440,844
3441,1159
3442,941
3443,381
3444,1974
3445,2189
3446,1856
3447,377
3448,689
3449,1633
3450,1078
3451,2345
3452,1839
3453,1020
3454,1001
3455,2512
3456,853
3457,2220
3458,1899
3459,2745
3460,1723
3461,1056
3462,1793
3463,2131
3464,1333
3465,529
3466,48
3467,1528
3468,514
3469,2363
3470,2613
3471,2366
3472,2313
3473,2016
3474,332
3475,1669
3476,281
3477,384
3478,1025
3479,1248
3480,1382
3481,1808
3482,569
3483,635
3484,652
3485,11
3486,429
3487,2707
3488,1554
3489,1986
3490,1598
3491,492
3492,153
3493,1111
3494,138
3495,1881
3496,366
3497,2359
3498,2330
3499,939
3500,2388
3501,2002
3502,1770
3503,2128
3504,1397
3505,2084
3506,50
3507,551
3508,1984
3509,2532
3510,1268
3511,1379
3512,1636
3513,1766
3514,61
3515,2655
3516,2012
3517,2665
3518,1734
3519,1051
3520,1438
3521,1163
3522,495
3523,1068
3524,2360
3525,2730
3526,1612
3527,564
3528,2053
3529,1409
3530,457
3531,279
3532,1075
3533,209
3534,2355
3535,977
3536,2642
3537,1643
3538,2260
3539,2606
3540,1744
3541,521
3542,257
3543,1011
3544,453
3545,1400
3546,1505
3547,1933
3548,2500
3549,285
3550,155
3551,1210
3552,2518
3553,2267
3554,180
3555,1705
3556,2432
3557,417
3558,2704
3559,158
3560,2644
3561,1682
3562,1275
3563,2429
3564,2211
3565,2741
3566,1878
3567,151
3568,240
3569,1337
3570,141
3571,703
3572,1785
3573,325
3574,973
3575,2277
3576,1931
3577,57
3578,1722
3579,1814
3580,1176
3581,2612
3582,143
3583,100
3584,367
3585,2090
3586,1932
3587,1314
3588,708
3589,1481
3590,18
3591,885
3592,2428
3593,484
3594,1412
3595,423
3596,1900
3597,345
3598,122
3599,1525
3600,2762
3601,2412
3602,2059
3603,2178
3604,1841
3605,1842
3606,316
3607,1969
3608,1863
3609,26
3610,1079
3611,641
3612,1168
3613,173
3614,1258
3615,1336
3616,1458
3617,2047
3618,814
3619,1147
3620,716
3621,2038
3622,4
3623,169
3624,1440
3625,1052
3626,2262
3627,383
3628,467
3629,2390
3630,1283
3631,1883
3632,152
3633,2105
3634,748
3635,1835
3636,2600
3637,255
3638,1041
3639,1179
3640,1032
3641,794
3642,2095
3643,1811
3644,990
3645,1429
3646,1265
3647,1295
3648,2107
3649,1801
3650,1102
3651,1539
3652,2519
3653,1602
3654,835
3655,379
3656,1673
3657,1857
3658,2515
3659,2521
3660,2791
3661,1486
3662,150
3663,743
3664,996
3665,1293
3666,1566
3667,1373
3668,87
3669,510
3670,1190
3671,1746
3672,1405
3673,801
3674,933
3675,1913
3676,114
3677,1760
3678,2449
3679,295
3680,2156
3681,401
3682,1165
3683,275
3684,2054
3685,2060
3686,2021
3687,897
3688,1886
3689,904
3690,758
3691,1323
3692,932
3693,2676
3694,1240
3695,1250
3696,1450
3697,676
3698,2643
3699,103
3700,364
3701,334
3702,2630
3703,2632
3704,825
3705,1851
3706,1231
3707,1344
3708,58
3709,953
3710,2581
3711,2074
3712,1761
3713,306
3714,10
3715,1588
3716,706
3717,774
3718,1551
3719,1726
3720,2461
3721,2423
3722,713
3723,2409
3724,226
3725,1114
3726,2755
3727,2079
3728,2735
3729,498
3730,2175
3731,82
3732,1279
3733,2353
3734,1054
3735,753
3736,140
3737,1644
3738,339
3739,707
3740,1613
3741,1640
3742,1619
3743,1548
3744,837
3745,2321
3746,108
3747,1782
3748,790
3749,2358
3750,2138
3751,1776
3752,1328
3753,744
3754,294
3755,2502
3756,754
3757,1340
3758,42
3759,927
3760,28
3761,1667
3762,1437
3763,2377
3764,827
3765,1784
3766,2153
3767,2774
3768,2425
3769,821
3770,1786
3771,2525
3772,171
3773,407
3774,2159
3775,350
3776,147
3777,438
3778,1406
3779,1713
3780,2770
3781,2205
3782,2386
3783,1758
3784,650
3785,1823
3786,1302
3787,2234
3788,1423
3789,2457
3790,1822
3791,2354
3792,892
3793,2158
3794,342
3795,2433
3796,2166
3797,999
3798,2235
3799,1063
3800,935
3801,2146
3802,440
3803,859
3804,291
3805,261
3806,1122
3807,2554
3808,414
3809,1483
3810,2010
3811,2759
3812,857
3813,739
3814,1407
3815,929
3816,2671
3817,2101
3818,1733
3819,1947
3820,1273
3821,32
3822,2692
3823,167
3824,2673
3825,471
3826,640
3827,2448
3828,1657
3829,411
3830,400
3831,1880
3832,115
3833,369
3834,1781
3835,1750
3836,2069
3837,36
3838,1962
3839,324
3840,582
3841,2742
3842,2236
3843,1116
3844,2479
3845,1536
3846,831
3847,185
3848,812
3849,64
3850,1251
3851,1616
3852,1199
3853,974
3854,466
3855,1957
3856,371
3857,2646
3858,1647
3859,2455
3860,372
3861,175
3862,2495
3863,871
3864,1506
3865,733
3866,967
3867,2514
3868,2426
3869,2465
3870,705
3871,262
3872,691
3873,104
3874,1597
3875,1978
3876,1862
3877,1150
3878,955
3879,110
3880,2070
3881,2311
3882,1086
3883,1694
3884,1816
3885,1985
3886,1537
3887,1951
3888,1069
3889,1064
3890,2800
3891,1242
3892,68
3893,247
3894,2680
3895,1981
3896,487
3897,1846
3898,2736
3899,1348
3900,33
3901,1331
3902,2568
3903,89
3904,1235
3905,2125
3906,1580
3907,311
3908,2155
3909,2119
3910,2537
3911,2638
3912,1807
3913,2566
3914,2670
3915,642
3916,856
3917,1558
3918,1918
3919,1919
3920,1460
3921,2586
3922,241
3923,671
3924,528
3925,1730
3926,2438
3927,1291
3928,2724
3929,1306
3930,1093
3931,660
3932,817
3933,2533
3934,2766
3935,1077
3936,1160
3937,1139
3938,1390
3939,2528
3940,1876
3941,1083
3942,1274
3943,461
3944,136
3945,2453
3946,1030
3947,2122
3948,710
3949,2651
3950,1712
3951,132
3952,2213
3953,2744
3954,804
3955,301
3956,590
3957,1708
3958,1895
3959,1202
3960,979
3961,591
3962,1615
3963,505
3964,2199
3965,2030
3966,1868
3967,479
3968,2384
3969,2615
3970,1534
3971,789
3972,2335
3973,382
3974,2098
3975,2650
3976,2055
3977,2183
3978,472
3979,1046
3980,1934
3981,1374
3982,2062
3983,1965
3984,2703
3985,1316
3986,2541
3987,1319
3988,1858
3989,2539
3990,2536
3991,2160
3992,1330
3993,946
3994,1270
3995,1065
3996,1433
3997,2202
3998,2529
3999,2450
4000,2376
4001,2274
4002,518
4003,53
4004,1156
4005,1017
4006,1449
4007,1292
4008,2341
4009,942
4010,1587
4011,948
4012,129
4013,1299
4014,984
4015,2256
4016,2066
4017,1138
4018,895
4019,741
4020,643
4021,232
4022,586
4023,2392
4024,1218
4025,1019
4026,1134
4027,2768
4028,2048
4029,1384
4030,1727
4031,659
4032,79
4033,1391
4034,2558
4035,1654
4036,2024
4037,720
4038,1987
4039,2681
4040,2543
4041,972
4042,559
4043,1480
4044,836
4045,1493
4046,1192
4047,2150
4048,851
4049,1771
4050,968
4051,1066
4052,2733
4053,1395
4054,811
4055,2040
4056,45
4057,2395
4058,309
4059,550
4060,965
4061,159
4062,557
4063,608
4064,2675
4065,135
4066,1683
4067,2542
4068,1304
4069,2779
4070,982
4071,454
4072,2697
4073,2229
4074,1787
4075,2193
4076,2230
4077,1818
4078,2608
4079,2723
4080,264
4081,182
4082,2523
4083,763
4084,2693
4085,86
4086,2065
4087,2464
4088,2077
4089,380
4090,1487
4091,2721
4092,2140
4093,2315
4094,445
4095,1234
4096,1641
4097,1392
4098,2641
4099,390
4100,501
4101,1080
4102,1049
4103,2787
4104,2367
4105,189
4106,1276
4107,2114
4108,809
4109,2499
4110,2405
4111,1009
4112,1146
4113,305
4114,810
4115,1754
4116,2248
4117,2747
4118,1737
4119,949
4120,161
4121,1454
4122,489
4123,277
4124,1545
4125,2271
4126,2280
4127,845
4128,2484
4129,1322
4130,1953
4131,235
4132,1861
4133,727
4134,184
4135,363
4136,891
4137,1838
4138,1820
4139,296
4140,1375
4141,1462
4142,1773
4143,541
4144,2474
4145,1253
4146,1942
4147,1143
4148,2093
4149,139
4150,318
4151,872
4152,2562
4153,1668
4154,2148
4155,683
4156,1201
4157,1404
4158,227
4159,22
4160,1740
4161,797
4162,1724
4163,2516
4164,785
4165,2797
4166,978
4167,2446
4168,2182
4169,2379
4170,2725
4171,43
4172,1128
4173,1377
4174,13
4175,2622
4176,1544
4177,1172
4178,916
4179,2331
4180,2019
4181,1649
4182,2044
4183,735
4184,1474
4185,1084
4186,1721
4187,154
4188,917
4189,2108
4190,2208
4191,2133
4192,1477
4193,2798
4194,1071
4195,538
4196,405
4197,2270
4198,2194
4199,1743
4200,2758
4201,225
4202,194
4203,2362
4204,2118
4205,76
4206,2339
4207,2684
4208,219
4209,360
4210,1703
4211,1707
4212,2796
4213,1171
4214,1855
4215,2289
4216,1047
4217,44
4218,1910
4219,2598
4220,1010
4221,2503
4222,1339
4223,1697
4224,1345
4225,298
4226,1320
4227,1662
4228,625
4229,1521
4230,2195
4231,105
4232,1898
4233,1789
4234,1028
4235,462
4236,866
4237,1925
4238,2460
4239,1692
4240,213
4241,2056
4242,1909
4243,2737
4244,1463
4245,657
4246,1411
4247,267
4248,1301
4249,1286
4250,1241
4251,373
4252,244
4253,540
4254,2481
4255,1605
4256,385
4257,193
4258,1208
4259,1994
4260,2406
4261,1435
4262,1531
4263,867
4264,1370
4265,2698
4266,879
4267,2089
4268,606
4269,548
4270,685
4271,1572
4272,1354
4273,976
4274,245
4275,1812
4276,133
4277,2761
4278,2714
4279,2124
4280,1977
4281,6
4282,1070
4283,2611
4284,2794
4285,1024
4286,621
4287,2656
4288,2678
4289,2534
4290,368
4291,119
4292,531
4293,1939
4294,1414
4295,629
4296,1356
4297,2301
4298,921
4299,1371
4300,1418
4301,673
4302,2473
4303,1571
4304,1013
4305,1467
4306,1728
4307,869
4308,1763
4309,1123
4310,2565
4311,329
4312,2583
4313,2100
4314,293
4315,165
4316,2162
4317,1393
4318,1604
4319,2312
4320,1629
4321,2336
4322,410
4323,164
4324,177
4325,2687
4326,2496
4327,347
4328,2210
4329,1517
4330,740
4331,2346
4332,2401
4333,2582
4334,1905
4335,357
4336,2637
4337,983
4338,477
4339,263
4340,598
4341,335
4342,1127
4343,1282
4344,1693
4345,446
4346,494
4347,2243
4348,2203
4349,190
4350,1549
4351,634
4352,954
4353,107
4354,300
4355,1848
4356,861
4357,1396
4358,2564
4359,1995
4360,2058
4361,2232
4362,313
4363,1082
4364,1625
4365,2602
4366,1443
4367,67
4368,198
4369,1269
4370,1239
4371,1034
4372,906
4373,666
4374,1399
4375,509
4376,1076
4377,813
4378,2772
4379,677
4380,2117
4381,1950
4382,1468
4383,938
4384,1988
4385,1849
4386,1656
4387,2527
4388,2185
4389,1911
4390,2782
4391,546
4392,54
4393,614
4394,1751
4395,2560
4396,359
4397,181
4398,910
4399,506
4400,731
4401,1916
4402,1943
4403,1650
4404,270
4405,1347
4406,2299
4407,1783
4408,992
4409,631
4410,2172
4411,1699
4412,579
4413,1016
4414,726
4415,269
4416,220
4417,2139
4418,2662
4419,583
4420,889
4421,1296
4422,1949
4423,2075
4424,1157
4425,201
4426,435
4427,1220
4428,2251
4429,1813
4430,1402
4431,49
4432,303
4433,829
4434,9
4435,2356
4436,2654
4437,2177
4438,1991
4439,1817
4440,1256
4441,2049
4442,2746
4443,1180
4444,1029
4445,1213
4446,2729
4447,692
4448,2706
4449,2556
4450,1491
4451,1670
4452,595
4453,1767
4454,672
4455,925
4456,523
4457,1310
4458,2385
4459,1514
4460,1637
4461,1200
4462,2443
4463,772
4464,881
4465,2085
4466,1129
4467,587
4468,1023
4469,336
4470,799
4471,555
4472,1355
4473,1115
4474,1645
4475,2241
4476,2585
4477,2141
4478,319
4479,2469
4480,2631
4481,1185
4482,1472
4483,822
4484,2008
4485,2590
4486,1966
4487,617
4488,2300
4489,1006
4490,2320
4491,887
4492,987
4493,525
4494,846
4495,787
4496,1671
4497,986
4498,1764
4499,341
4500,431
4501,502
4502,1922
4503,1550
4504,2607
4505,1451
4506,1859
4507,1896
4508,1090
4509,2441
4510,1303
4511,258
4512,170
4513,2168
4514,130
4515,126
4516,1646
4517,1917
4518,1055
4519,2217
4520,847
4521,448
4522,124
4523,1894
4524,2434
4525,675
4526,2584
4527,1249
4528,66
4529,1742
4530,1738
4531,1501
4532,543
4533,1188
4534,958
4535,1672
4536,222
4537,2492
4538,1821
4539,478
4540,2691
4541,2161
4542,537
4543,1387
4544,1464
4545,2223
4546,2314
4547,1197
4548,2318
4549,322
4550,2783
4551,952
4552,1762
4553,2063
4554,144
4555,890
4556,2080
4557,81
4558,2526
4559,2209
4560,51
4561,2501
4562,157
4563,1415
4564,1538
4565,1312
4566,2649
4567,1155
4568,719
4569,1600
4570,2411
4571,2394
4572,29
4573,1757
4574,1133
4575,998
4576,460
4577,2700
4578,2
4579,2233
4580,447
4581,237
4582,38
4583,1998
4584,1196
4585,762
4586,1915
4587,1227
4588,436
4589,283
4590,59
4591,1398
4592,1653
4593,1490
4594,145
4595,496
4596,2198
4597,1247
4598,655
4599,287
4600,1096
4601,1187
4602,2094
4603,1759
4604,886
4605,1523
4606,1221
4607,2659
4608,437
4609,2293
4610,2483
4611,715
4612,1533
4613,1353
4614,1907
4615,2550
4616,1225
4617,695
4618,2669
4619,924
4620,2144
4621,584
4622,2288
4623,2793
4624,1576
4625,1499
4626,1350
4627,1266
4628,1768
4629,2466
4630,1968
4631,2407
4632,2228
4633,331
4634,2073
4635,297
4636,855
4637,2491
4638,2440
4639,637
4640,1154
4641,1592
4642,1206
4643,1045
4644,1779
4645,2785
4646,239
4647,2647
4648,2227
4649,1800
4650,1530
4651,2250
4652,15
4653,1175
4654,2625
4655,1747
4656,500
4657,1791
4658,2780
4659,2563
4660,818
4661,2337
4662,328
4663,519
4664,2334
4665,1313
4666,1512
4667,2103
4668,1321
4669,1634
4670,1144
4671,1871
4672,1601
4673,1130
4674,2792
4675,2072
4676,520
4677,690
4678,1290
4679,1756
4680,398
4681,2137
4682,1655
4683,2276
4684,30
4685,2222
4686,2487
4687,2163
4688,1445
4689,512
4690,2018
4691,2027
4692,1715
4693,593
4694,2538
4695,1311
4696,2478
4697,527
4698,1982
4699,2196
4700,2658
4701,2109
4702,2022
4703,1126
4704,1555
4705,1162
4706,2635
4707,1105
4708,602
4709,1679
4710,1027
4711,2477
4712,443
4713,101
4714,1508
4715,2389
4716,1369
4717,860
4718,1425
4719,875
4720,2187
4721,901
4722,1960
4723,1410
4724,745
4725,1840
4726,1108
4727,665
4728,2396
4729,2278
4730,913
4731,751
4732,1376
4733,1109
4734,156
4735,1309
4736,1648
4737,1363
4738,2493
4739,84
4740,824
4741,549
4742,1958
4743,1389
4744,2020
4745,2781
4746,2588
4747,580
4748,1257
4749,1132
4750,432
4751,2751
4752,802
4753,355
4754,2610
4755,1358
4756,1456
4757,1300
4758,1424
4759,2397
4760,2099
4761,1792
4762,765
4763,2342
4764,1305
4765,1867
4766,1584
4767,834
4768,530
4769,1106
4770,605
4771,2400
4772,2061
4773,2298
4774,394
4775,2734
4776,903
4777,1959
4778,2372
4779,1284
4780,1864
4781,854
4782,1219
4783,243
4784,1207
4785,989
4786,2686
4787,793
4788,624
4789,1361
4790,750
4791,1426
4792,2628
4793,2790
4794,868
4795,882
4796,1865
4797,775
4798,1850
4799,2795
4800,474
4801,2415
4802,419
4803,756
4804,1233
4805,77
4806,1589
4807,654
4808,2255
4809,1522
4810,2011
4811,131
4812,936
4813,873
4814,1567
4815,317
4816,272
4817,1351
4818,970
4819,14
4820,1967
4821,1687
4822,206
4823,1535
4824,2239
4825,585
4826,503
4827,2413
4828,2218
4829,230
4830,2191
4831,1944
4832,1479
4833,1940
4834,680
4835,2092
4836,2268
4837,2091
4838,1482
4839,1360
4840,1452
4841,2121
4842,852
4843,2036
4844,362
4845,524
4846,2752
4847,1716
4848,725
4849,944
4850,1515
4851,1021
4852,121
4853,2179
4854,427
4855,1617
4856,2603
4857,863
4858,2778
4859,2015
4860,2667
4861,542
4862,1085
4863,2368
4864,2661
4865,1277
4866,1675
4867,2097
4868,418
4869,1416
4870,1608
4871,2634
4872,1060
4873,1666
4874,669
4875,2265
4876,779
4877,1573
4878,2167
4879,1334
4880,2445
4881,1852
4882,2604
4883,1638
4884,2319
4885,1586
4886,2252
4887,1177
4888,197
4889,1153
4890,2106
4891,439
4892,2468
4893,1609
4894,1884
4895,2212
4896,1553
4897,1203
4898,2601
4899,915
4900,95
4901,2577
4902,69
4903,515
4904,600
4905,162
4906,2459
4907,1828
4908,2204
4909,577
4910,168
4911,1072
4912,2505
4913,1565
4914,1889
4915,1689
4916,1297
4917,604
4918,248
4919,1614
4920,348
4921,217
4922,2471
4923,2436
4924,951
4925,945
4926,828
4927,1532
4928,2418
4929,1228
4930,1570
4931,545
4932,2739
4933,203
4934,1453
4935,2616
4936,864
4937,2497
4938,1908
4939,2281
4940,570
4941,2029
4942,839
4943,769
4944,1209
4945,2370
4946,85
4947,1357
4948,566
4949,2088
4950,1271
4951,1893
4952,684
4953,2403
4954,2113
4955,117
4956,1324
4957,1885
4958,2343
4959,2046
4960,2328
4961,747
4962,1663
4963,2524
4964,1436
4965,783
4966,2520
4967,1780
4968,2595
4969,111
4970,2596
4971,1906
4972,2031
4973,1420
4974,2430
4975,712
4976,1507
4977,123
4978,214
4979,2322
4980,2374
4981,796
4982,1184
4983,1831
4984,2626
4985,216
4986,278
4987,2540
4988,1043
4989,1500
4990,1149
4991,1664
4992,1660
4993,1098
4994,1651
4995,5
4996,838
4997,2549
4998,308
4999,1
5000,2261
5001,276
5002,805
5003,2028
5004,2258
5005,2169
5006,1620
5007,2488
5008,1169
5009,693
5010,2200
5011,552
5012,1152
5013,250
5014,746
5015,888
5016,1736
5017,2682
5018,2689
5019,1178
5020,2325
5021,1255
5022,2591
5023,842
5024,2504
5025,2535
5026,2308
5027,2551
5028,444
5029,480
5030,788
5031,1503
5032,592
5033,1611
5034,1264
5035,1246
5036,928
5037,599
5038,27
5039,2041
5040,2116
5041,2309
5042,679
5043,1217
5044,2710
5045,1927
5046,17
5047,1432
5048,393
5049,1191
5050,2750
5051,2618
5052,137
5053,2506
5054,292
5055,1007
5056,848
5057,1630
5058,724
5059,1364
5060,588
5061,2712
5062,1993
5063,2547
5064,686
5065,2025
5066,476
5067,1956
5068,2679
5069,1362
5070,2711
5071,2096
5072,1809
5073,2722
5074,568
5075,1431
5076,284
5077,957
5078,950
5079,2452
5080,2486
5081,1887
5082,2574
5083,644
5084,2757
5085,1902
5086,186
5087,72
5088,1772
5089,2349
5090,97
5091,971
5092,338
5093,2557
5094,60
5095,714
5096,1044
5097,544
5098,1695
5099,1448
5100,1731
5101,533
5102,2006
5103,980
5104,507
5105,93
5106,1741
5107,354
5108,682
5109,1830
5110,1659
5111,698
5112,451
5113,1706
5114,1475
5115,1359
5116,709
5117,280
5118,2614
5119,195
5120,2043
5121,993
5122,1802
5123,1381
5124,1461
5125,1430
5126,1546
5127,2717
5128,1541
5129,849
5130,1181
5131,2111
5132,2517
5133,1989
5134,1317
5135,1204
5136,630
5137,21
5138,2295
5139,776
5140,782
5141,1665
5142,786
5143,1698
5144,841
5145,1476
5146,1037
5147,208
5148,696
5149,1214
5150,2017
5151,1073
5152,2263
5153,1676
5154,2316
5155,2507
5156,2620
5157,1121
5158,2383
5159,2621
5160,2170
5161,1990
5162,2731
5163,2032
5164,1897
5165,1578
5166,681
5167,1148
5168,361
5169,1963
5170,865
5171,304
5172,2743
5173,1585
5174,1174
5175,2728
5176,2715
5177,192
5178,1368
5179,2286
5180,1298
5181,1417
5182,721
5183,1718
5184,2344
5185,1263
5186,1413
5187,830
5188,2352
5189,1478
5190,1557
5191,221
5192,664
5193,702
5194,2552
5195,969
5196,326
5197,610
5198,2033
5199,1901
5200,91
5201,737
5202,701
5203,2701
5204,2382
5205,1042
5206,1173
5207,922
5208,2086
5209,125
5210,711
5211,1278
5212,647
5213,52
5214,163
5215,449
5216,46
5217,1439
5218,1194
5219,200
5220,1879
5221,353
5222,883
5223,697
5224,2007
5225,1442
5226,1287
5227,2773
5228,1215
5229,1378
5230,499
5231,1403
5232,340
5233,1701
5234,959
5235,120
5236,421
5237,475
5238,576
5239,2786
5240,1031
5241,1775
5242,229
5243,2420
5244,2784
5245,736
5246,2718
5247,722
5248,1590
5249,2738
5250,1765
5251,83
5252,2599
5253,601
5254,1748
5255,2422
5256,2052
5257,2694
5258,1502
5259,1923
5260,1941
5261,344
5262,2338
5263,2571
5264,441
5265,188
5266,1639
5267,187
5268,1903
5269,1342
5270,2748
5271,1574
5272,430
5273,1870
5274,2102
5275,638
5276,404
5277,2753
5278,734
5279,1421
5280,907
5281,627
5282,1973
5283,413
5284,909
5285,2685
5286,1680
5287,1677
5288,2447
5289,490
5290,2769
5291,1872
5292,2219
5293,1125
5294,70
5295,1145
5296,1806
5297,1583
5298,23
5299,658
5300,632
5301,823
5302,376
5303,2184
5304,1946
5305,2214
5306,2555
5307,1996
5308,1471
5309,31
5310,768
5311,2657
5312,1062
5313,1238
5314,1971
5315,1564
5316,2444
5317,2629
5318,2303
5319,493
5320,1854
5321,2593
5322,452
5323,767
5324,215
5325,2663
5326,2039
5327,2272
5328,149
5329,2348
5330,2347
5331,2294
5332,228
5333,146
5334,397
5335,840
5336,2035
5337,2253
5338,2127
5339,2609
5340,1688
5341,1341
5342,649
5343,2324
5344,1495
5345,459
5346,2489
5347,2147
5348,1510
5349,648
5350,1002
5351,370
5352,2660
5353,1797
5354,2083
5355,826
5356,1980
5357,2181
5358,687
5359,265
5360,554
5361,2037
5362,597
5363,2004
5364,2285
5365,1308
5366,832
5367,1938
5368,2173
5369,315
5370,2749
5371,1496
5372,351
5373,1844
5374,556
5375,2034
5376,1434
5377,2110
5378,618
5379,1254
5380,966
5381,1519
5382,2690
5383,2238
5384,2456
5385,2498
5386,1469
5387,179
5388,47
5389,1930
5390,2051
5391,1836
5392,486
5393,1097
5394,1888
5395,1777
5396,1243
5397,406
5398,1120
5399,178
5400,1652
5401,2143
5402,2570
5403,242
5404,667
5405,2688
5406,1280
5407,504
5408,333
5409,2302
5410,1380
5411,1067
5412,1182
5413,2677
5414,1804
5415,1928
5416,71
5417,532
5418,1428
5419,2275
5420,2799
5421,622
5422,481
5423,539
5424,433
5425,1658
5426,1810
5427,2573
5428,2067
5429,307
5430,62
5431,2666
5432,90
5433,1137
5434,1222
5435,1749
5436,1805
5437,55
5438,1599
5439,2130
5440,395
5441,2151
5442,2636
5443,2414
5444,253
5445,102
5446,1088
5447,1631
5448,2463
5449,1774
5450,1164
5451,1245
5452,246
5453,465
5454,937
5455,2226
5456,1964
5457,560
5458,2373
5459,3
5460,2683
5461,1945
5462,1386
5463,1014
5464,2291
5465,205
5466,2705
5467,2408
5468,755
5469,988
5470,1335
5471,1101
5472,2633
5473,113
5474,645
5475,961
5476,1955
5477,1979
5478,1997
5479,2240
5480,1288
5481,2404
5482,1183
5483,1983
5484,1904
5485,1725
5486,761
5487,2304
5488,2597
5489,358
5490,628
5491,1211
5492,1142
5493,327
5494,1581
5495,792
5496,56
5497,1745
5498,926
5499,199
5500,2421
5501,2530
5502,2399
5503,1914
5504,1753
5505,224
5506,1272
5507,1819
5508,109
5509,2254
5510,930
5511,2579
5512,2057
5513,874
5514,1976
5515,2115
5516,508
5517,784
5518,1135
5519,513
5520,1497
5521,2152
5522,1921
5523,764
5524,310
5525,1520
5526,482
5527,1394
5528,2424
5529,176
5530,611
5531,387
5532,2664
5533,2494
5534,808
5535,1100
5536,183
5537,2380
5538,2393
5539,816
5540,450
5541,718
5542,148
5543,1008
5544,749
5545,981
5546,1920
5547,485
5548,2221
5549,1610
5550,1890
5551,212
5552,2508
5553,286
5554,1504
5555,1140
5556,2023
5557,1103
5558,288
5559,522
5560,2589
5561,2709
5562,469
5563,2206
5564,352
5565,2763
5566,2269
5567,2726
5568,752
5569,1954
5570,1232
5571,1866
5572,1513
5573,1018
5574,1624
5575,581
5576,1033
5577,210
5578,1717
5579,2668
5580,1794
5581,870
5582,1622
5583,516
5584,651
5585,819
5586,234
5587,729
5588,2190
5589,2740
5590,603
5591,1582
5592,302
5593,963
5594,2333
5595,41
5596,911
5597,483
5598,1678
5599,455
5600,321
