trialnum,Orientation,TF,SF,Contrast
1,135,1,0.04,0.8
2,315,1,0.04,0.8
3,157.5,1,0.04,0.8
4,225,1,0.04,0.8
5,180,1,0.04,0.8
6,337.5,1,0.04,0.8
7,112.5,1,0.04,0.8
8,202.5,1,0.04,0.8
9,270,1,0.04,0.8
10,22.5,1,0.04,0.8
11,247.5,1,0.04,0.8
12,67.5,1,0.04,0.8
13,292.5,1,0.04,0.8
14,90,1,0.04,0.8
15,45,1,0.04,0.8
16,0,1,0.04,0.8
17,337.5,1,0.04,0.8
18,180,1,0.04,0.8
19,270,1,0.04,0.8
20,292.5,1,0.04,0.8
21,225,1,0.04,0.8
22,157.5,1,0.04,0.8
23,0,1,0.04,0.8
24,90,1,0.04,0.8
25,202.5,1,0.04,0.8
26,315,1,0.04,0.8
27,112.5,1,0.04,0.8
28,247.5,1,0.04,0.8
29,67.5,1,0.04,0.8
30,135,1,0.04,0.8
31,45,1,0.04,0.8
32,22.5,1,0.04,0.8
33,45,1,0.04,0.8
34,270,1,0.04,0.8
35,0,1,0.04,0.8
36,135,1,0.04,0.8
37,247.5,1,0.04,0.8
38,292.5,1,0.04,0.8
39,225,1,0.04,0.8
40,315,1,0.04,0.8
41,112.5,1,0.04,0.8
42,67.5,1,0.04,0.8
43,22.5,1,0.04,0.8
44,202.5,1,0.04,0.8
45,157.5,1,0.04,0.8
46,337.5,1,0.04,0.8
47,90,1,0.04,0.8
48,180,1,0.04,0.8
49,157.5,1,0.04,0.8
50,45,1,0.04,0.8
51,67.5,1,0.04,0.8
52,247.5,1,0.04,0.8
53,315,1,0.04,0.8
54,112.5,1,0.04,0.8
55,225,1,0.04,0.8
56,337.5,1,0.04,0.8
57,135,1,0.04,0.8
58,90,1,0.04,0.8
59,180,1,0.04,0.8
60,22.5,1,0.04,0.8
61,202.5,1,0.04,0.8
62,0,1,0.04,0.8
63,270,1,0.04,0.8
64,292.5,1,0.04,0.8
65,67.5,1,0.04,0.8
66,202.5,1,0.04,0.8
67,292.5,1,0.04,0.8
68,337.5,1,0.04,0.8
69,22.5,1,0.04,0.8
70,90,1,0.04,0.8
71,270,1,0.04,0.8
72,0,1,0.04,0.8
73,135,1,0.04,0.8
74,157.5,1,0.04,0.8
75,315,1,0.04,0.8
76,45,1,0.04,0.8
77,225,1,0.04,0.8
78,247.5,1,0.04,0.8
79,180,1,0.04,0.8
80,112.5,1,0.04,0.8
81,67.5,1,0.04,0.8
82,292.5,1,0.04,0.8
83,0,1,0.04,0.8
84,157.5,1,0.04,0.8
85,22.5,1,0.04,0.8
86,247.5,1,0.04,0.8
87,45,1,0.04,0.8
88,337.5,1,0.04,0.8
89,270,1,0.04,0.8
90,112.5,1,0.04,0.8
91,202.5,1,0.04,0.8
92,90,1,0.04,0.8
93,225,1,0.04,0.8
94,315,1,0.04,0.8
95,180,1,0.04,0.8
96,135,1,0.04,0.8
97,202.5,1,0.04,0.8
98,135,1,0.04,0.8
99,45,1,0.04,0.8
100,90,1,0.04,0.8
101,337.5,1,0.04,0.8
102,315,1,0.04,0.8
103,67.5,1,0.04,0.8
104,0,1,0.04,0.8
105,270,1,0.04,0.8
106,22.5,1,0.04,0.8
107,180,1,0.04,0.8
108,112.5,1,0.04,0.8
109,247.5,1,0.04,0.8
110,292.5,1,0.04,0.8
111,225,1,0.04,0.8
112,157.5,1,0.04,0.8
113,67.5,1,0.04,0.8
114,225,1,0.04,0.8
115,292.5,1,0.04,0.8
116,0,1,0.04,0.8
117,270,1,0.04,0.8
118,180,1,0.04,0.8
119,135,1,0.04,0.8
120,247.5,1,0.04,0.8
121,202.5,1,0.04,0.8
122,157.5,1,0.04,0.8
123,315,1,0.04,0.8
124,337.5,1,0.04,0.8
125,112.5,1,0.04,0.8
126,90,1,0.04,0.8
127,45,1,0.04,0.8
128,22.5,1,0.04,0.8
129,247.5,1,0.04,0.8
130,315,1,0.04,0.8
131,22.5,1,0.04,0.8
132,157.5,1,0.04,0.8
133,90,1,0.04,0.8
134,292.5,1,0.04,0.8
135,202.5,1,0.04,0.8
136,67.5,1,0.04,0.8
137,45,1,0.04,0.8
138,0,1,0.04,0.8
139,180,1,0.04,0.8
140,135,1,0.04,0.8
141,270,1,0.04,0.8
142,112.5,1,0.04,0.8
143,337.5,1,0.04,0.8
144,225,1,0.04,0.8
145,22.5,1,0.04,0.8
146,292.5,1,0.04,0.8
147,315,1,0.04,0.8
148,45,1,0.04,0.8
149,67.5,1,0.04,0.8
150,135,1,0.04,0.8
151,202.5,1,0.04,0.8
152,337.5,1,0.04,0.8
153,90,1,0.04,0.8
154,225,1,0.04,0.8
155,157.5,1,0.04,0.8
156,0,1,0.04,0.8
157,270,1,0.04,0.8
158,247.5,1,0.04,0.8
159,112.5,1,0.04,0.8
160,180,1,0.04,0.8
161,202.5,1,0.04,0.8
162,157.5,1,0.04,0.8
163,112.5,1,0.04,0.8
164,22.5,1,0.04,0.8
165,67.5,1,0.04,0.8
166,315,1,0.04,0.8
167,45,1,0.04,0.8
168,270,1,0.04,0.8
169,90,1,0.04,0.8
170,292.5,1,0.04,0.8
171,135,1,0.04,0.8
172,337.5,1,0.04,0.8
173,0,1,0.04,0.8
174,225,1,0.04,0.8
175,247.5,1,0.04,0.8
176,180,1,0.04,0.8
177,292.5,1,0.04,0.8
178,247.5,1,0.04,0.8
179,67.5,1,0.04,0.8
180,112.5,1,0.04,0.8
181,202.5,1,0.04,0.8
182,157.5,1,0.04,0.8
183,0,1,0.04,0.8
184,22.5,1,0.04,0.8
185,135,1,0.04,0.8
186,180,1,0.04,0.8
187,337.5,1,0.04,0.8
188,225,1,0.04,0.8
189,45,1,0.04,0.8
190,90,1,0.04,0.8
191,270,1,0.04,0.8
192,315,1,0.04,0.8
193,22.5,1,0.04,0.8
194,225,1,0.04,0.8
195,292.5,1,0.04,0.8
196,112.5,1,0.04,0.8
197,135,1,0.04,0.8
198,90,1,0.04,0.8
199,270,1,0.04,0.8
200,247.5,1,0.04,0.8
201,0,1,0.04,0.8
202,157.5,1,0.04,0.8
203,180,1,0.04,0.8
204,67.5,1,0.04,0.8
205,315,1,0.04,0.8
206,337.5,1,0.04,0.8
207,45,1,0.04,0.8
208,202.5,1,0.04,0.8
209,90,1,0.04,0.8
210,225,1,0.04,0.8
211,292.5,1,0.04,0.8
212,157.5,1,0.04,0.8
213,67.5,1,0.04,0.8
214,135,1,0.04,0.8
215,22.5,1,0.04,0.8
216,0,1,0.04,0.8
217,112.5,1,0.04,0.8
218,45,1,0.04,0.8
219,270,1,0.04,0.8
220,180,1,0.04,0.8
221,337.5,1,0.04,0.8
222,315,1,0.04,0.8
223,247.5,1,0.04,0.8
224,202.5,1,0.04,0.8
225,67.5,1,0.04,0.8
226,45,1,0.04,0.8
227,112.5,1,0.04,0.8
228,247.5,1,0.04,0.8
229,0,1,0.04,0.8
230,22.5,1,0.04,0.8
231,292.5,1,0.04,0.8
232,315,1,0.04,0.8
233,135,1,0.04,0.8
234,202.5,1,0.04,0.8
235,157.5,1,0.04,0.8
236,180,1,0.04,0.8
237,90,1,0.04,0.8
238,337.5,1,0.04,0.8
239,225,1,0.04,0.8
240,270,1,0.04,0.8
241,135,1,0.04,0.8
242,45,1,0.04,0.8
243,112.5,1,0.04,0.8
244,0,1,0.04,0.8
245,157.5,1,0.04,0.8
246,337.5,1,0.04,0.8
247,247.5,1,0.04,0.8
248,270,1,0.04,0.8
249,180,1,0.04,0.8
250,225,1,0.04,0.8
251,315,1,0.04,0.8
252,202.5,1,0.04,0.8
253,292.5,1,0.04,0.8
254,67.5,1,0.04,0.8
255,90,1,0.04,0.8
256,22.5,1,0.04,0.8
257,157.5,1,0.04,0.8
258,135,1,0.04,0.8
259,225,1,0.04,0.8
260,315,1,0.04,0.8
261,112.5,1,0.04,0.8
262,45,1,0.04,0.8
263,90,1,0.04,0.8
264,292.5,1,0.04,0.8
265,337.5,1,0.04,0.8
266,0,1,0.04,0.8
267,247.5,1,0.04,0.8
268,67.5,1,0.04,0.8
269,202.5,1,0.04,0.8
270,22.5,1,0.04,0.8
271,180,1,0.04,0.8
272,270,1,0.04,0.8
273,90,1,0.04,0.8
274,135,1,0.04,0.8
275,225,1,0.04,0.8
276,270,1,0.04,0.8
277,247.5,1,0.04,0.8
278,45,1,0.04,0.8
279,157.5,1,0.04,0.8
280,112.5,1,0.04,0.8
281,180,1,0.04,0.8
282,315,1,0.04,0.8
283,22.5,1,0.04,0.8
284,292.5,1,0.04,0.8
285,202.5,1,0.04,0.8
286,337.5,1,0.04,0.8
287,0,1,0.04,0.8
288,67.5,1,0.04,0.8
289,225,1,0.04,0.8
290,180,1,0.04,0.8
291,0,1,0.04,0.8
292,315,1,0.04,0.8
293,135,1,0.04,0.8
294,247.5,1,0.04,0.8
295,270,1,0.04,0.8
296,67.5,1,0.04,0.8
297,90,1,0.04,0.8
298,337.5,1,0.04,0.8
299,202.5,1,0.04,0.8
300,22.5,1,0.04,0.8
301,112.5,1,0.04,0.8
302,45,1,0.04,0.8
303,292.5,1,0.04,0.8
304,157.5,1,0.04,0.8
305,45,1,0.04,0.8
306,112.5,1,0.04,0.8
307,337.5,1,0.04,0.8
308,315,1,0.04,0.8
309,0,1,0.04,0.8
310,157.5,1,0.04,0.8
311,180,1,0.04,0.8
312,225,1,0.04,0.8
313,135,1,0.04,0.8
314,90,1,0.04,0.8
315,202.5,1,0.04,0.8
316,247.5,1,0.04,0.8
317,67.5,1,0.04,0.8
318,292.5,1,0.04,0.8
319,22.5,1,0.04,0.8
320,270,1,0.04,0.8
321,270,1,0.04,0.8
322,292.5,1,0.04,0.8
323,135,1,0.04,0.8
324,22.5,1,0.04,0.8
325,247.5,1,0.04,0.8
326,180,1,0.04,0.8
327,225,1,0.04,0.8
328,202.5,1,0.04,0.8
329,112.5,1,0.04,0.8
330,157.5,1,0.04,0.8
331,45,1,0.04,0.8
332,67.5,1,0.04,0.8
333,90,1,0.04,0.8
334,337.5,1,0.04,0.8
335,315,1,0.04,0.8
336,0,1,0.04,0.8
337,135,1,0.04,0.8
338,157.5,1,0.04,0.8
339,67.5,1,0.04,0.8
340,225,1,0.04,0.8
341,112.5,1,0.04,0.8
342,292.5,1,0.04,0.8
343,337.5,1,0.04,0.8
344,0,1,0.04,0.8
345,202.5,1,0.04,0.8
346,90,1,0.04,0.8
347,270,1,0.04,0.8
348,22.5,1,0.04,0.8
349,247.5,1,0.04,0.8
350,315,1,0.04,0.8
351,45,1,0.04,0.8
352,180,1,0.04,0.8
353,67.5,1,0.04,0.8
354,157.5,1,0.04,0.8
355,270,1,0.04,0.8
356,0,1,0.04,0.8
357,22.5,1,0.04,0.8
358,90,1,0.04,0.8
359,45,1,0.04,0.8
360,202.5,1,0.04,0.8
361,315,1,0.04,0.8
362,112.5,1,0.04,0.8
363,135,1,0.04,0.8
364,180,1,0.04,0.8
365,225,1,0.04,0.8
366,247.5,1,0.04,0.8
367,337.5,1,0.04,0.8
368,292.5,1,0.04,0.8
369,67.5,1,0.04,0.8
370,45,1,0.04,0.8
371,157.5,1,0.04,0.8
372,292.5,1,0.04,0.8
373,135,1,0.04,0.8
374,22.5,1,0.04,0.8
375,247.5,1,0.04,0.8
376,225,1,0.04,0.8
377,270,1,0.04,0.8
378,90,1,0.04,0.8
379,337.5,1,0.04,0.8
380,112.5,1,0.04,0.8
381,180,1,0.04,0.8
382,0,1,0.04,0.8
383,315,1,0.04,0.8
384,202.5,1,0.04,0.8
385,112.5,1,0.04,0.8
386,157.5,1,0.04,0.8
387,67.5,1,0.04,0.8
388,135,1,0.04,0.8
389,180,1,0.04,0.8
390,292.5,1,0.04,0.8
391,90,1,0.04,0.8
392,337.5,1,0.04,0.8
393,315,1,0.04,0.8
394,0,1,0.04,0.8
395,247.5,1,0.04,0.8
396,22.5,1,0.04,0.8
397,202.5,1,0.04,0.8
398,270,1,0.04,0.8
399,45,1,0.04,0.8
400,225,1,0.04,0.8
401,202.5,1,0.04,0.8
402,270,1,0.04,0.8
403,45,1,0.04,0.8
404,157.5,1,0.04,0.8
405,315,1,0.04,0.8
406,292.5,1,0.04,0.8
407,90,1,0.04,0.8
408,225,1,0.04,0.8
409,337.5,1,0.04,0.8
410,0,1,0.04,0.8
411,67.5,1,0.04,0.8
412,112.5,1,0.04,0.8
413,135,1,0.04,0.8
414,247.5,1,0.04,0.8
415,180,1,0.04,0.8
416,22.5,1,0.04,0.8
417,292.5,1,0.04,0.8
418,315,1,0.04,0.8
419,157.5,1,0.04,0.8
420,337.5,1,0.04,0.8
421,270,1,0.04,0.8
422,22.5,1,0.04,0.8
423,45,1,0.04,0.8
424,180,1,0.04,0.8
425,247.5,1,0.04,0.8
426,202.5,1,0.04,0.8
427,112.5,1,0.04,0.8
428,225,1,0.04,0.8
429,0,1,0.04,0.8
430,90,1,0.04,0.8
431,135,1,0.04,0.8
432,67.5,1,0.04,0.8
433,90,1,0.04,0.8
434,247.5,1,0.04,0.8
435,202.5,1,0.04,0.8
436,315,1,0.04,0.8
437,225,1,0.04,0.8
438,292.5,1,0.04,0.8
439,270,1,0.04,0.8
440,45,1,0.04,0.8
441,135,1,0.04,0.8
442,0,1,0.04,0.8
443,112.5,1,0.04,0.8
444,180,1,0.04,0.8
445,22.5,1,0.04,0.8
446,337.5,1,0.04,0.8
447,157.5,1,0.04,0.8
448,67.5,1,0.04,0.8
449,315,1,0.04,0.8
450,157.5,1,0.04,0.8
451,292.5,1,0.04,0.8
452,225,1,0.04,0.8
453,90,1,0.04,0.8
454,135,1,0.04,0.8
455,337.5,1,0.04,0.8
456,0,1,0.04,0.8
457,247.5,1,0.04,0.8
458,45,1,0.04,0.8
459,22.5,1,0.04,0.8
460,270,1,0.04,0.8
461,112.5,1,0.04,0.8
462,67.5,1,0.04,0.8
463,180,1,0.04,0.8
464,202.5,1,0.04,0.8
465,180,1,0.04,0.8
466,0,1,0.04,0.8
467,157.5,1,0.04,0.8
468,202.5,1,0.04,0.8
469,247.5,1,0.04,0.8
470,225,1,0.04,0.8
471,292.5,1,0.04,0.8
472,337.5,1,0.04,0.8
473,112.5,1,0.04,0.8
474,135,1,0.04,0.8
475,270,1,0.04,0.8
476,67.5,1,0.04,0.8
477,45,1,0.04,0.8
478,315,1,0.04,0.8
479,22.5,1,0.04,0.8
480,90,1,0.04,0.8
481,22.5,1,0.04,0.8
482,315,1,0.04,0.8
483,90,1,0.04,0.8
484,270,1,0.04,0.8
485,225,1,0.04,0.8
486,135,1,0.04,0.8
487,180,1,0.04,0.8
488,157.5,1,0.04,0.8
489,247.5,1,0.04,0.8
490,202.5,1,0.04,0.8
491,45,1,0.04,0.8
492,337.5,1,0.04,0.8
493,0,1,0.04,0.8
494,292.5,1,0.04,0.8
495,112.5,1,0.04,0.8
496,67.5,1,0.04,0.8
497,337.5,1,0.04,0.8
498,0,1,0.04,0.8
499,315,1,0.04,0.8
500,90,1,0.04,0.8
501,112.5,1,0.04,0.8
502,45,1,0.04,0.8
503,67.5,1,0.04,0.8
504,202.5,1,0.04,0.8
505,247.5,1,0.04,0.8
506,135,1,0.04,0.8
507,22.5,1,0.04,0.8
508,270,1,0.04,0.8
509,180,1,0.04,0.8
510,292.5,1,0.04,0.8
511,157.5,1,0.04,0.8
512,225,1,0.04,0.8
513,292.5,1,0.04,0.8
514,225,1,0.04,0.8
515,315,1,0.04,0.8
516,90,1,0.04,0.8
517,112.5,1,0.04,0.8
518,270,1,0.04,0.8
519,247.5,1,0.04,0.8
520,22.5,1,0.04,0.8
521,135,1,0.04,0.8
522,157.5,1,0.04,0.8
523,202.5,1,0.04,0.8
524,180,1,0.04,0.8
525,45,1,0.04,0.8
526,0,1,0.04,0.8
527,67.5,1,0.04,0.8
528,337.5,1,0.04,0.8
529,337.5,1,0.04,0.8
530,90,1,0.04,0.8
531,45,1,0.04,0.8
532,180,1,0.04,0.8
533,202.5,1,0.04,0.8
534,247.5,1,0.04,0.8
535,270,1,0.04,0.8
536,67.5,1,0.04,0.8
537,112.5,1,0.04,0.8
538,225,1,0.04,0.8
539,22.5,1,0.04,0.8
540,135,1,0.04,0.8
541,292.5,1,0.04,0.8
542,0,1,0.04,0.8
543,157.5,1,0.04,0.8
544,315,1,0.04,0.8
545,112.5,1,0.04,0.8
546,0,1,0.04,0.8
547,337.5,1,0.04,0.8
548,270,1,0.04,0.8
549,180,1,0.04,0.8
550,22.5,1,0.04,0.8
551,225,1,0.04,0.8
552,90,1,0.04,0.8
553,202.5,1,0.04,0.8
554,45,1,0.04,0.8
555,292.5,1,0.04,0.8
556,315,1,0.04,0.8
557,157.5,1,0.04,0.8
558,135,1,0.04,0.8
559,67.5,1,0.04,0.8
560,247.5,1,0.04,0.8
561,135,1,0.04,0.8
562,180,1,0.04,0.8
563,90,1,0.04,0.8
564,67.5,1,0.04,0.8
565,225,1,0.04,0.8
566,157.5,1,0.04,0.8
567,337.5,1,0.04,0.8
568,315,1,0.04,0.8
569,112.5,1,0.04,0.8
570,0,1,0.04,0.8
571,270,1,0.04,0.8
572,202.5,1,0.04,0.8
573,292.5,1,0.04,0.8
574,45,1,0.04,0.8
575,22.5,1,0.04,0.8
576,247.5,1,0.04,0.8
577,157.5,1,0.04,0.8
578,225,1,0.04,0.8
579,270,1,0.04,0.8
580,247.5,1,0.04,0.8
581,337.5,1,0.04,0.8
582,315,1,0.04,0.8
583,180,1,0.04,0.8
584,112.5,1,0.04,0.8
585,135,1,0.04,0.8
586,292.5,1,0.04,0.8
587,202.5,1,0.04,0.8
588,0,1,0.04,0.8
589,90,1,0.04,0.8
590,22.5,1,0.04,0.8
591,45,1,0.04,0.8
592,67.5,1,0.04,0.8
593,292.5,1,0.04,0.8
594,0,1,0.04,0.8
595,157.5,1,0.04,0.8
596,247.5,1,0.04,0.8
597,112.5,1,0.04,0.8
598,135,1,0.04,0.8
599,45,1,0.04,0.8
600,270,1,0.04,0.8
601,22.5,1,0.04,0.8
602,337.5,1,0.04,0.8
603,202.5,1,0.04,0.8
604,315,1,0.04,0.8
605,90,1,0.04,0.8
606,67.5,1,0.04,0.8
607,180,1,0.04,0.8
608,225,1,0.04,0.8
609,67.5,1,0.04,0.8
610,90,1,0.04,0.8
611,22.5,1,0.04,0.8
612,292.5,1,0.04,0.8
613,180,1,0.04,0.8
614,315,1,0.04,0.8
615,247.5,1,0.04,0.8
616,112.5,1,0.04,0.8
617,45,1,0.04,0.8
618,337.5,1,0.04,0.8
619,157.5,1,0.04,0.8
620,202.5,1,0.04,0.8
621,225,1,0.04,0.8
622,0,1,0.04,0.8
623,135,1,0.04,0.8
624,270,1,0.04,0.8
625,67.5,1,0.04,0.8
626,225,1,0.04,0.8
627,202.5,1,0.04,0.8
628,292.5,1,0.04,0.8
629,270,1,0.04,0.8
630,135,1,0.04,0.8
631,315,1,0.04,0.8
632,45,1,0.04,0.8
633,180,1,0.04,0.8
634,337.5,1,0.04,0.8
635,112.5,1,0.04,0.8
636,22.5,1,0.04,0.8
637,247.5,1,0.04,0.8
638,0,1,0.04,0.8
639,157.5,1,0.04,0.8
640,90,1,0.04,0.8
641,112.5,1,0.04,0.8
642,0,1,0.04,0.8
643,90,1,0.04,0.8
644,315,1,0.04,0.8
645,247.5,1,0.04,0.8
646,180,1,0.04,0.8
647,45,1,0.04,0.8
648,292.5,1,0.04,0.8
649,337.5,1,0.04,0.8
650,22.5,1,0.04,0.8
651,157.5,1,0.04,0.8
652,202.5,1,0.04,0.8
653,225,1,0.04,0.8
654,270,1,0.04,0.8
655,67.5,1,0.04,0.8
656,135,1,0.04,0.8
657,247.5,1,0.04,0.8
658,202.5,1,0.04,0.8
659,337.5,1,0.04,0.8
660,67.5,1,0.04,0.8
661,225,1,0.04,0.8
662,112.5,1,0.04,0.8
663,292.5,1,0.04,0.8
664,180,1,0.04,0.8
665,135,1,0.04,0.8
666,315,1,0.04,0.8
667,22.5,1,0.04,0.8
668,270,1,0.04,0.8
669,90,1,0.04,0.8
670,157.5,1,0.04,0.8
671,45,1,0.04,0.8
672,0,1,0.04,0.8
673,90,1,0.04,0.8
674,112.5,1,0.04,0.8
675,315,1,0.04,0.8
676,45,1,0.04,0.8
677,270,1,0.04,0.8
678,22.5,1,0.04,0.8
679,135,1,0.04,0.8
680,202.5,1,0.04,0.8
681,180,1,0.04,0.8
682,225,1,0.04,0.8
683,67.5,1,0.04,0.8
684,337.5,1,0.04,0.8
685,0,1,0.04,0.8
686,292.5,1,0.04,0.8
687,247.5,1,0.04,0.8
688,157.5,1,0.04,0.8
689,0,1,0.04,0.8
690,292.5,1,0.04,0.8
691,135,1,0.04,0.8
692,67.5,1,0.04,0.8
693,112.5,1,0.04,0.8
694,225,1,0.04,0.8
695,315,1,0.04,0.8
696,270,1,0.04,0.8
697,22.5,1,0.04,0.8
698,45,1,0.04,0.8
699,157.5,1,0.04,0.8
700,202.5,1,0.04,0.8
701,90,1,0.04,0.8
702,337.5,1,0.04,0.8
703,247.5,1,0.04,0.8
704,180,1,0.04,0.8
705,67.5,1,0.04,0.8
706,90,1,0.04,0.8
707,270,1,0.04,0.8
708,112.5,1,0.04,0.8
709,202.5,1,0.04,0.8
710,225,1,0.04,0.8
711,180,1,0.04,0.8
712,157.5,1,0.04,0.8
713,247.5,1,0.04,0.8
714,45,1,0.04,0.8
715,292.5,1,0.04,0.8
716,22.5,1,0.04,0.8
717,315,1,0.04,0.8
718,337.5,1,0.04,0.8
719,135,1,0.04,0.8
720,0,1,0.04,0.8
721,45,1,0.04,0.8
722,180,1,0.04,0.8
723,0,1,0.04,0.8
724,135,1,0.04,0.8
725,292.5,1,0.04,0.8
726,337.5,1,0.04,0.8
727,90,1,0.04,0.8
728,270,1,0.04,0.8
729,247.5,1,0.04,0.8
730,315,1,0.04,0.8
731,157.5,1,0.04,0.8
732,67.5,1,0.04,0.8
733,225,1,0.04,0.8
734,112.5,1,0.04,0.8
735,202.5,1,0.04,0.8
736,22.5,1,0.04,0.8
737,180,1,0.04,0.8
738,0,1,0.04,0.8
739,112.5,1,0.04,0.8
740,270,1,0.04,0.8
741,225,1,0.04,0.8
742,157.5,1,0.04,0.8
743,67.5,1,0.04,0.8
744,90,1,0.04,0.8
745,22.5,1,0.04,0.8
746,135,1,0.04,0.8
747,315,1,0.04,0.8
748,45,1,0.04,0.8
749,247.5,1,0.04,0.8
750,202.5,1,0.04,0.8
751,337.5,1,0.04,0.8
752,292.5,1,0.04,0.8
753,225,1,0.04,0.8
754,247.5,1,0.04,0.8
755,135,1,0.04,0.8
756,157.5,1,0.04,0.8
757,270,1,0.04,0.8
758,180,1,0.04,0.8
759,67.5,1,0.04,0.8
760,292.5,1,0.04,0.8
761,22.5,1,0.04,0.8
762,90,1,0.04,0.8
763,45,1,0.04,0.8
764,0,1,0.04,0.8
765,315,1,0.04,0.8
766,112.5,1,0.04,0.8
767,202.5,1,0.04,0.8
768,337.5,1,0.04,0.8
769,45,1,0.04,0.8
770,90,1,0.04,0.8
771,0,1,0.04,0.8
772,225,1,0.04,0.8
773,22.5,1,0.04,0.8
774,337.5,1,0.04,0.8
775,67.5,1,0.04,0.8
776,135,1,0.04,0.8
777,315,1,0.04,0.8
778,112.5,1,0.04,0.8
779,202.5,1,0.04,0.8
780,247.5,1,0.04,0.8
781,292.5,1,0.04,0.8
782,270,1,0.04,0.8
783,180,1,0.04,0.8
784,157.5,1,0.04,0.8
785,157.5,1,0.04,0.8
786,270,1,0.04,0.8
787,22.5,1,0.04,0.8
788,112.5,1,0.04,0.8
789,225,1,0.04,0.8
790,247.5,1,0.04,0.8
791,337.5,1,0.04,0.8
792,45,1,0.04,0.8
793,90,1,0.04,0.8
794,180,1,0.04,0.8
795,67.5,1,0.04,0.8
796,0,1,0.04,0.8
797,135,1,0.04,0.8
798,315,1,0.04,0.8
799,202.5,1,0.04,0.8
800,292.5,1,0.04,0.8
801,67.5,1,0.04,0.8
802,135,1,0.04,0.8
803,22.5,1,0.04,0.8
804,157.5,1,0.04,0.8
805,292.5,1,0.04,0.8
806,90,1,0.04,0.8
807,247.5,1,0.04,0.8
808,337.5,1,0.04,0.8
809,112.5,1,0.04,0.8
810,315,1,0.04,0.8
811,225,1,0.04,0.8
812,0,1,0.04,0.8
813,270,1,0.04,0.8
814,202.5,1,0.04,0.8
815,180,1,0.04,0.8
816,45,1,0.04,0.8
817,225,1,0.04,0.8
818,202.5,1,0.04,0.8
819,247.5,1,0.04,0.8
820,135,1,0.04,0.8
821,112.5,1,0.04,0.8
822,292.5,1,0.04,0.8
823,90,1,0.04,0.8
824,45,1,0.04,0.8
825,270,1,0.04,0.8
826,180,1,0.04,0.8
827,67.5,1,0.04,0.8
828,157.5,1,0.04,0.8
829,315,1,0.04,0.8
830,22.5,1,0.04,0.8
831,0,1,0.04,0.8
832,337.5,1,0.04,0.8
833,225,1,0.04,0.8
834,270,1,0.04,0.8
835,315,1,0.04,0.8
836,180,1,0.04,0.8
837,202.5,1,0.04,0.8
838,247.5,1,0.04,0.8
839,135,1,0.04,0.8
840,292.5,1,0.04,0.8
841,90,1,0.04,0.8
842,157.5,1,0.04,0.8
843,22.5,1,0.04,0.8
844,67.5,1,0.04,0.8
845,45,1,0.04,0.8
846,112.5,1,0.04,0.8
847,0,1,0.04,0.8
848,337.5,1,0.04,0.8
849,315,1,0.04,0.8
850,22.5,1,0.04,0.8
851,90,1,0.04,0.8
852,67.5,1,0.04,0.8
853,225,1,0.04,0.8
854,202.5,1,0.04,0.8
855,270,1,0.04,0.8
856,247.5,1,0.04,0.8
857,180,1,0.04,0.8
858,112.5,1,0.04,0.8
859,337.5,1,0.04,0.8
860,0,1,0.04,0.8
861,157.5,1,0.04,0.8
862,45,1,0.04,0.8
863,292.5,1,0.04,0.8
864,135,1,0.04,0.8
865,315,1,0.04,0.8
866,135,1,0.04,0.8
867,202.5,1,0.04,0.8
868,157.5,1,0.04,0.8
869,270,1,0.04,0.8
870,22.5,1,0.04,0.8
871,0,1,0.04,0.8
872,337.5,1,0.04,0.8
873,45,1,0.04,0.8
874,225,1,0.04,0.8
875,292.5,1,0.04,0.8
876,90,1,0.04,0.8
877,67.5,1,0.04,0.8
878,247.5,1,0.04,0.8
879,180,1,0.04,0.8
880,112.5,1,0.04,0.8
881,292.5,1,0.04,0.8
882,337.5,1,0.04,0.8
883,0,1,0.04,0.8
884,225,1,0.04,0.8
885,157.5,1,0.04,0.8
886,247.5,1,0.04,0.8
887,202.5,1,0.04,0.8
888,315,1,0.04,0.8
889,180,1,0.04,0.8
890,112.5,1,0.04,0.8
891,67.5,1,0.04,0.8
892,135,1,0.04,0.8
893,45,1,0.04,0.8
894,90,1,0.04,0.8
895,270,1,0.04,0.8
896,22.5,1,0.04,0.8
897,202.5,1,0.04,0.8
898,45,1,0.04,0.8
899,90,1,0.04,0.8
900,22.5,1,0.04,0.8
901,180,1,0.04,0.8
902,292.5,1,0.04,0.8
903,157.5,1,0.04,0.8
904,225,1,0.04,0.8
905,315,1,0.04,0.8
906,67.5,1,0.04,0.8
907,270,1,0.04,0.8
908,337.5,1,0.04,0.8
909,112.5,1,0.04,0.8
910,0,1,0.04,0.8
911,135,1,0.04,0.8
912,247.5,1,0.04,0.8
913,157.5,1,0.04,0.8
914,315,1,0.04,0.8
915,0,1,0.04,0.8
916,202.5,1,0.04,0.8
917,90,1,0.04,0.8
918,112.5,1,0.04,0.8
919,270,1,0.04,0.8
920,180,1,0.04,0.8
921,225,1,0.04,0.8
922,292.5,1,0.04,0.8
923,135,1,0.04,0.8
924,22.5,1,0.04,0.8
925,67.5,1,0.04,0.8
926,247.5,1,0.04,0.8
927,45,1,0.04,0.8
928,337.5,1,0.04,0.8
929,202.5,1,0.04,0.8
930,180,1,0.04,0.8
931,292.5,1,0.04,0.8
932,90,1,0.04,0.8
933,0,1,0.04,0.8
934,315,1,0.04,0.8
935,22.5,1,0.04,0.8
936,247.5,1,0.04,0.8
937,270,1,0.04,0.8
938,225,1,0.04,0.8
939,112.5,1,0.04,0.8
940,45,1,0.04,0.8
941,157.5,1,0.04,0.8
942,67.5,1,0.04,0.8
943,337.5,1,0.04,0.8
944,135,1,0.04,0.8
945,202.5,1,0.04,0.8
946,67.5,1,0.04,0.8
947,135,1,0.04,0.8
948,90,1,0.04,0.8
949,225,1,0.04,0.8
950,315,1,0.04,0.8
951,180,1,0.04,0.8
952,270,1,0.04,0.8
953,157.5,1,0.04,0.8
954,22.5,1,0.04,0.8
955,247.5,1,0.04,0.8
956,292.5,1,0.04,0.8
957,0,1,0.04,0.8
958,45,1,0.04,0.8
959,112.5,1,0.04,0.8
960,337.5,1,0.04,0.8
961,22.5,1,0.04,0.8
962,225,1,0.04,0.8
963,270,1,0.04,0.8
964,180,1,0.04,0.8
965,292.5,1,0.04,0.8
966,157.5,1,0.04,0.8
967,0,1,0.04,0.8
968,247.5,1,0.04,0.8
969,315,1,0.04,0.8
970,135,1,0.04,0.8
971,90,1,0.04,0.8
972,45,1,0.04,0.8
973,67.5,1,0.04,0.8
974,202.5,1,0.04,0.8
975,112.5,1,0.04,0.8
976,337.5,1,0.04,0.8
977,67.5,1,0.04,0.8
978,180,1,0.04,0.8
979,157.5,1,0.04,0.8
980,270,1,0.04,0.8
981,135,1,0.04,0.8
982,22.5,1,0.04,0.8
983,90,1,0.04,0.8
984,315,1,0.04,0.8
985,45,1,0.04,0.8
986,202.5,1,0.04,0.8
987,292.5,1,0.04,0.8
988,247.5,1,0.04,0.8
989,337.5,1,0.04,0.8
990,112.5,1,0.04,0.8
991,0,1,0.04,0.8
992,225,1,0.04,0.8
993,292.5,1,0.04,0.8
994,225,1,0.04,0.8
995,157.5,1,0.04,0.8
996,247.5,1,0.04,0.8
997,22.5,1,0.04,0.8
998,202.5,1,0.04,0.8
999,67.5,1,0.04,0.8
1000,90,1,0.04,0.8
1001,0,1,0.04,0.8
1002,270,1,0.04,0.8
1003,112.5,1,0.04,0.8
1004,180,1,0.04,0.8
1005,135,1,0.04,0.8
1006,45,1,0.04,0.8
1007,337.5,1,0.04,0.8
1008,315,1,0.04,0.8
1009,202.5,1,0.04,0.8
1010,270,1,0.04,0.8
1011,0,1,0.04,0.8
1012,22.5,1,0.04,0.8
1013,315,1,0.04,0.8
1014,157.5,1,0.04,0.8
1015,225,1,0.04,0.8
1016,292.5,1,0.04,0.8
1017,112.5,1,0.04,0.8
1018,247.5,1,0.04,0.8
1019,67.5,1,0.04,0.8
1020,90,1,0.04,0.8
1021,337.5,1,0.04,0.8
1022,135,1,0.04,0.8
1023,180,1,0.04,0.8
1024,45,1,0.04,0.8
1025,90,1,0.04,0.8
1026,270,1,0.04,0.8
1027,337.5,1,0.04,0.8
1028,135,1,0.04,0.8
1029,112.5,1,0.04,0.8
1030,247.5,1,0.04,0.8
1031,180,1,0.04,0.8
1032,67.5,1,0.04,0.8
1033,315,1,0.04,0.8
1034,225,1,0.04,0.8
1035,0,1,0.04,0.8
1036,202.5,1,0.04,0.8
1037,45,1,0.04,0.8
1038,292.5,1,0.04,0.8
1039,22.5,1,0.04,0.8
1040,157.5,1,0.04,0.8
1041,112.5,1,0.04,0.8
1042,135,1,0.04,0.8
1043,337.5,1,0.04,0.8
1044,157.5,1,0.04,0.8
1045,315,1,0.04,0.8
1046,270,1,0.04,0.8
1047,0,1,0.04,0.8
1048,225,1,0.04,0.8
1049,90,1,0.04,0.8
1050,180,1,0.04,0.8
1051,45,1,0.04,0.8
1052,67.5,1,0.04,0.8
1053,202.5,1,0.04,0.8
1054,292.5,1,0.04,0.8
1055,22.5,1,0.04,0.8
1056,247.5,1,0.04,0.8
1057,225,1,0.04,0.8
1058,180,1,0.04,0.8
1059,112.5,1,0.04,0.8
1060,202.5,1,0.04,0.8
1061,90,1,0.04,0.8
1062,0,1,0.04,0.8
1063,337.5,1,0.04,0.8
1064,292.5,1,0.04,0.8
1065,270,1,0.04,0.8
1066,45,1,0.04,0.8
1067,67.5,1,0.04,0.8
1068,135,1,0.04,0.8
1069,22.5,1,0.04,0.8
1070,247.5,1,0.04,0.8
1071,315,1,0.04,0.8
1072,157.5,1,0.04,0.8
1073,45,1,0.04,0.8
1074,157.5,1,0.04,0.8
1075,337.5,1,0.04,0.8
1076,202.5,1,0.04,0.8
1077,225,1,0.04,0.8
1078,90,1,0.04,0.8
1079,67.5,1,0.04,0.8
1080,247.5,1,0.04,0.8
1081,0,1,0.04,0.8
1082,180,1,0.04,0.8
1083,135,1,0.04,0.8
1084,292.5,1,0.04,0.8
1085,22.5,1,0.04,0.8
1086,315,1,0.04,0.8
1087,112.5,1,0.04,0.8
1088,270,1,0.04,0.8
1089,90,1,0.04,0.8
1090,337.5,1,0.04,0.8
1091,157.5,1,0.04,0.8
1092,45,1,0.04,0.8
1093,112.5,1,0.04,0.8
1094,270,1,0.04,0.8
1095,315,1,0.04,0.8
1096,0,1,0.04,0.8
1097,247.5,1,0.04,0.8
1098,67.5,1,0.04,0.8
1099,202.5,1,0.04,0.8
1100,292.5,1,0.04,0.8
1101,135,1,0.04,0.8
1102,180,1,0.04,0.8
1103,225,1,0.04,0.8
1104,22.5,1,0.04,0.8
1105,157.5,1,0.04,0.8
1106,292.5,1,0.04,0.8
1107,225,1,0.04,0.8
1108,202.5,1,0.04,0.8
1109,112.5,1,0.04,0.8
1110,337.5,1,0.04,0.8
1111,270,1,0.04,0.8
1112,45,1,0.04,0.8
1113,90,1,0.04,0.8
1114,67.5,1,0.04,0.8
1115,315,1,0.04,0.8
1116,0,1,0.04,0.8
1117,135,1,0.04,0.8
1118,247.5,1,0.04,0.8
1119,180,1,0.04,0.8
1120,22.5,1,0.04,0.8
1121,67.5,1,0.04,0.8
1122,337.5,1,0.04,0.8
1123,90,1,0.04,0.8
1124,180,1,0.04,0.8
1125,0,1,0.04,0.8
1126,292.5,1,0.04,0.8
1127,202.5,1,0.04,0.8
1128,112.5,1,0.04,0.8
1129,45,1,0.04,0.8
1130,270,1,0.04,0.8
1131,315,1,0.04,0.8
1132,157.5,1,0.04,0.8
1133,22.5,1,0.04,0.8
1134,135,1,0.04,0.8
1135,225,1,0.04,0.8
1136,247.5,1,0.04,0.8
1137,180,1,0.04,0.8
1138,67.5,1,0.04,0.8
1139,270,1,0.04,0.8
1140,45,1,0.04,0.8
1141,22.5,1,0.04,0.8
1142,337.5,1,0.04,0.8
1143,90,1,0.04,0.8
1144,202.5,1,0.04,0.8
1145,247.5,1,0.04,0.8
1146,225,1,0.04,0.8
1147,112.5,1,0.04,0.8
1148,315,1,0.04,0.8
1149,292.5,1,0.04,0.8
1150,157.5,1,0.04,0.8
1151,135,1,0.04,0.8
1152,0,1,0.04,0.8
1153,225,1,0.04,0.8
1154,90,1,0.04,0.8
1155,247.5,1,0.04,0.8
1156,22.5,1,0.04,0.8
1157,180,1,0.04,0.8
1158,337.5,1,0.04,0.8
1159,270,1,0.04,0.8
1160,112.5,1,0.04,0.8
1161,45,1,0.04,0.8
1162,0,1,0.04,0.8
1163,157.5,1,0.04,0.8
1164,292.5,1,0.04,0.8
1165,67.5,1,0.04,0.8
1166,202.5,1,0.04,0.8
1167,315,1,0.04,0.8
1168,135,1,0.04,0.8
1169,337.5,1,0.04,0.8
1170,157.5,1,0.04,0.8
1171,180,1,0.04,0.8
1172,90,1,0.04,0.8
1173,315,1,0.04,0.8
1174,135,1,0.04,0.8
1175,270,1,0.04,0.8
1176,0,1,0.04,0.8
1177,202.5,1,0.04,0.8
1178,22.5,1,0.04,0.8
1179,67.5,1,0.04,0.8
1180,225,1,0.04,0.8
1181,112.5,1,0.04,0.8
1182,247.5,1,0.04,0.8
1183,292.5,1,0.04,0.8
1184,45,1,0.04,0.8
1185,22.5,1,0.04,0.8
1186,90,1,0.04,0.8
1187,112.5,1,0.04,0.8
1188,157.5,1,0.04,0.8
1189,135,1,0.04,0.8
1190,0,1,0.04,0.8
1191,315,1,0.04,0.8
1192,225,1,0.04,0.8
1193,247.5,1,0.04,0.8
1194,67.5,1,0.04,0.8
1195,292.5,1,0.04,0.8
1196,270,1,0.04,0.8
1197,202.5,1,0.04,0.8
1198,337.5,1,0.04,0.8
1199,45,1,0.04,0.8
1200,180,1,0.04,0.8
1201,112.5,1,0.04,0.8
1202,0,1,0.04,0.8
1203,90,1,0.04,0.8
1204,45,1,0.04,0.8
1205,157.5,1,0.04,0.8
1206,202.5,1,0.04,0.8
1207,180,1,0.04,0.8
1208,67.5,1,0.04,0.8
1209,270,1,0.04,0.8
1210,225,1,0.04,0.8
1211,337.5,1,0.04,0.8
1212,292.5,1,0.04,0.8
1213,22.5,1,0.04,0.8
1214,135,1,0.04,0.8
1215,247.5,1,0.04,0.8
1216,315,1,0.04,0.8
1217,45,1,0.04,0.8
1218,0,1,0.04,0.8
1219,157.5,1,0.04,0.8
1220,292.5,1,0.04,0.8
1221,22.5,1,0.04,0.8
1222,180,1,0.04,0.8
1223,225,1,0.04,0.8
1224,315,1,0.04,0.8
1225,202.5,1,0.04,0.8
1226,337.5,1,0.04,0.8
1227,67.5,1,0.04,0.8
1228,112.5,1,0.04,0.8
1229,135,1,0.04,0.8
1230,270,1,0.04,0.8
1231,247.5,1,0.04,0.8
1232,90,1,0.04,0.8
1233,45,1,0.04,0.8
1234,225,1,0.04,0.8
1235,67.5,1,0.04,0.8
1236,22.5,1,0.04,0.8
1237,90,1,0.04,0.8
1238,292.5,1,0.04,0.8
1239,112.5,1,0.04,0.8
1240,135,1,0.04,0.8
1241,0,1,0.04,0.8
1242,247.5,1,0.04,0.8
1243,180,1,0.04,0.8
1244,337.5,1,0.04,0.8
1245,315,1,0.04,0.8
1246,270,1,0.04,0.8
1247,202.5,1,0.04,0.8
1248,157.5,1,0.04,0.8
1249,247.5,1,0.04,0.8
1250,67.5,1,0.04,0.8
1251,45,1,0.04,0.8
1252,0,1,0.04,0.8
1253,270,1,0.04,0.8
1254,157.5,1,0.04,0.8
1255,180,1,0.04,0.8
1256,90,1,0.04,0.8
1257,112.5,1,0.04,0.8
1258,135,1,0.04,0.8
1259,292.5,1,0.04,0.8
1260,202.5,1,0.04,0.8
1261,22.5,1,0.04,0.8
1262,337.5,1,0.04,0.8
1263,315,1,0.04,0.8
1264,225,1,0.04,0.8
1265,22.5,1,0.04,0.8
1266,90,1,0.04,0.8
1267,225,1,0.04,0.8
1268,247.5,1,0.04,0.8
1269,135,1,0.04,0.8
1270,180,1,0.04,0.8
1271,337.5,1,0.04,0.8
1272,112.5,1,0.04,0.8
1273,315,1,0.04,0.8
1274,157.5,1,0.04,0.8
1275,0,1,0.04,0.8
1276,292.5,1,0.04,0.8
1277,45,1,0.04,0.8
1278,67.5,1,0.04,0.8
1279,270,1,0.04,0.8
1280,202.5,1,0.04,0.8
1281,247.5,1,0.04,0.8
1282,135,1,0.04,0.8
1283,225,1,0.04,0.8
1284,90,1,0.04,0.8
1285,292.5,1,0.04,0.8
1286,337.5,1,0.04,0.8
1287,112.5,1,0.04,0.8
1288,202.5,1,0.04,0.8
1289,0,1,0.04,0.8
1290,157.5,1,0.04,0.8
1291,45,1,0.04,0.8
1292,22.5,1,0.04,0.8
1293,180,1,0.04,0.8
1294,315,1,0.04,0.8
1295,67.5,1,0.04,0.8
1296,270,1,0.04,0.8
1297,225,1,0.04,0.8
1298,247.5,1,0.04,0.8
1299,22.5,1,0.04,0.8
1300,90,1,0.04,0.8
1301,112.5,1,0.04,0.8
1302,157.5,1,0.04,0.8
1303,67.5,1,0.04,0.8
1304,270,1,0.04,0.8
1305,0,1,0.04,0.8
1306,135,1,0.04,0.8
1307,337.5,1,0.04,0.8
1308,202.5,1,0.04,0.8
1309,180,1,0.04,0.8
1310,292.5,1,0.04,0.8
1311,45,1,0.04,0.8
1312,315,1,0.04,0.8
1313,67.5,1,0.04,0.8
1314,45,1,0.04,0.8
1315,0,1,0.04,0.8
1316,270,1,0.04,0.8
1317,202.5,1,0.04,0.8
1318,90,1,0.04,0.8
1319,112.5,1,0.04,0.8
1320,157.5,1,0.04,0.8
1321,292.5,1,0.04,0.8
1322,22.5,1,0.04,0.8
1323,315,1,0.04,0.8
1324,135,1,0.04,0.8
1325,337.5,1,0.04,0.8
1326,180,1,0.04,0.8
1327,225,1,0.04,0.8
1328,247.5,1,0.04,0.8
1329,202.5,1,0.04,0.8
1330,315,1,0.04,0.8
1331,180,1,0.04,0.8
1332,112.5,1,0.04,0.8
1333,0,1,0.04,0.8
1334,292.5,1,0.04,0.8
1335,247.5,1,0.04,0.8
1336,337.5,1,0.04,0.8
1337,22.5,1,0.04,0.8
1338,67.5,1,0.04,0.8
1339,225,1,0.04,0.8
1340,135,1,0.04,0.8
1341,90,1,0.04,0.8
1342,45,1,0.04,0.8
1343,270,1,0.04,0.8
1344,157.5,1,0.04,0.8
1345,112.5,1,0.04,0.8
1346,202.5,1,0.04,0.8
1347,337.5,1,0.04,0.8
1348,45,1,0.04,0.8
1349,90,1,0.04,0.8
1350,67.5,1,0.04,0.8
1351,180,1,0.04,0.8
1352,315,1,0.04,0.8
1353,135,1,0.04,0.8
1354,292.5,1,0.04,0.8
1355,22.5,1,0.04,0.8
1356,270,1,0.04,0.8
1357,247.5,1,0.04,0.8
1358,157.5,1,0.04,0.8
1359,225,1,0.04,0.8
1360,0,1,0.04,0.8
1361,180,1,0.04,0.8
1362,292.5,1,0.04,0.8
1363,135,1,0.04,0.8
1364,157.5,1,0.04,0.8
1365,90,1,0.04,0.8
1366,45,1,0.04,0.8
1367,315,1,0.04,0.8
1368,0,1,0.04,0.8
1369,67.5,1,0.04,0.8
1370,202.5,1,0.04,0.8
1371,270,1,0.04,0.8
1372,112.5,1,0.04,0.8
1373,247.5,1,0.04,0.8
1374,337.5,1,0.04,0.8
1375,225,1,0.04,0.8
1376,22.5,1,0.04,0.8
1377,135,1,0.04,0.8
1378,67.5,1,0.04,0.8
1379,270,1,0.04,0.8
1380,45,1,0.04,0.8
1381,22.5,1,0.04,0.8
1382,157.5,1,0.04,0.8
1383,337.5,1,0.04,0.8
1384,180,1,0.04,0.8
1385,112.5,1,0.04,0.8
1386,247.5,1,0.04,0.8
1387,292.5,1,0.04,0.8
1388,90,1,0.04,0.8
1389,315,1,0.04,0.8
1390,202.5,1,0.04,0.8
1391,225,1,0.04,0.8
1392,0,1,0.04,0.8
1393,247.5,1,0.04,0.8
1394,0,1,0.04,0.8
1395,22.5,1,0.04,0.8
1396,337.5,1,0.04,0.8
1397,67.5,1,0.04,0.8
1398,112.5,1,0.04,0.8
1399,202.5,1,0.04,0.8
1400,225,1,0.04,0.8
1401,180,1,0.04,0.8
1402,315,1,0.04,0.8
1403,135,1,0.04,0.8
1404,90,1,0.04,0.8
1405,292.5,1,0.04,0.8
1406,270,1,0.04,0.8
1407,157.5,1,0.04,0.8
1408,45,1,0.04,0.8
1409,112.5,1,0.04,0.8
1410,22.5,1,0.04,0.8
1411,292.5,1,0.04,0.8
1412,135,1,0.04,0.8
1413,270,1,0.04,0.8
1414,0,1,0.04,0.8
1415,180,1,0.04,0.8
1416,157.5,1,0.04,0.8
1417,45,1,0.04,0.8
1418,315,1,0.04,0.8
1419,337.5,1,0.04,0.8
1420,67.5,1,0.04,0.8
1421,90,1,0.04,0.8
1422,225,1,0.04,0.8
1423,202.5,1,0.04,0.8
1424,247.5,1,0.04,0.8
1425,112.5,1,0.04,0.8
1426,90,1,0.04,0.8
1427,22.5,1,0.04,0.8
1428,157.5,1,0.04,0.8
1429,67.5,1,0.04,0.8
1430,45,1,0.04,0.8
1431,292.5,1,0.04,0.8
1432,135,1,0.04,0.8
1433,225,1,0.04,0.8
1434,0,1,0.04,0.8
1435,247.5,1,0.04,0.8
1436,202.5,1,0.04,0.8
1437,337.5,1,0.04,0.8
1438,315,1,0.04,0.8
1439,270,1,0.04,0.8
1440,180,1,0.04,0.8
1441,202.5,1,0.04,0.8
1442,22.5,1,0.04,0.8
1443,112.5,1,0.04,0.8
1444,270,1,0.04,0.8
1445,180,1,0.04,0.8
1446,67.5,1,0.04,0.8
1447,45,1,0.04,0.8
1448,135,1,0.04,0.8
1449,292.5,1,0.04,0.8
1450,337.5,1,0.04,0.8
1451,247.5,1,0.04,0.8
1452,90,1,0.04,0.8
1453,315,1,0.04,0.8
1454,0,1,0.04,0.8
1455,157.5,1,0.04,0.8
1456,225,1,0.04,0.8
1457,292.5,1,0.04,0.8
1458,270,1,0.04,0.8
1459,202.5,1,0.04,0.8
1460,45,1,0.04,0.8
1461,315,1,0.04,0.8
1462,157.5,1,0.04,0.8
1463,0,1,0.04,0.8
1464,337.5,1,0.04,0.8
1465,112.5,1,0.04,0.8
1466,225,1,0.04,0.8
1467,22.5,1,0.04,0.8
1468,247.5,1,0.04,0.8
1469,180,1,0.04,0.8
1470,135,1,0.04,0.8
1471,67.5,1,0.04,0.8
1472,90,1,0.04,0.8
1473,22.5,1,0.04,0.8
1474,157.5,1,0.04,0.8
1475,67.5,1,0.04,0.8
1476,225,1,0.04,0.8
1477,337.5,1,0.04,0.8
1478,90,1,0.04,0.8
1479,112.5,1,0.04,0.8
1480,292.5,1,0.04,0.8
1481,270,1,0.04,0.8
1482,202.5,1,0.04,0.8
1483,0,1,0.04,0.8
1484,315,1,0.04,0.8
1485,180,1,0.04,0.8
1486,247.5,1,0.04,0.8
1487,45,1,0.04,0.8
1488,135,1,0.04,0.8
1489,157.5,1,0.04,0.8
1490,90,1,0.04,0.8
1491,337.5,1,0.04,0.8
1492,202.5,1,0.04,0.8
1493,247.5,1,0.04,0.8
1494,292.5,1,0.04,0.8
1495,22.5,1,0.04,0.8
1496,315,1,0.04,0.8
1497,180,1,0.04,0.8
1498,67.5,1,0.04,0.8
1499,225,1,0.04,0.8
1500,45,1,0.04,0.8
1501,270,1,0.04,0.8
1502,112.5,1,0.04,0.8
1503,135,1,0.04,0.8
1504,0,1,0.04,0.8
1505,247.5,1,0.04,0.8
1506,22.5,1,0.04,0.8
1507,292.5,1,0.04,0.8
1508,0,1,0.04,0.8
1509,202.5,1,0.04,0.8
1510,225,1,0.04,0.8
1511,90,1,0.04,0.8
1512,157.5,1,0.04,0.8
1513,180,1,0.04,0.8
1514,270,1,0.04,0.8
1515,315,1,0.04,0.8
1516,45,1,0.04,0.8
1517,112.5,1,0.04,0.8
1518,67.5,1,0.04,0.8
1519,135,1,0.04,0.8
1520,337.5,1,0.04,0.8
1521,45,1,0.04,0.8
1522,247.5,1,0.04,0.8
1523,337.5,1,0.04,0.8
1524,315,1,0.04,0.8
1525,292.5,1,0.04,0.8
1526,22.5,1,0.04,0.8
1527,112.5,1,0.04,0.8
1528,270,1,0.04,0.8
1529,0,1,0.04,0.8
1530,202.5,1,0.04,0.8
1531,180,1,0.04,0.8
1532,90,1,0.04,0.8
1533,157.5,1,0.04,0.8
1534,225,1,0.04,0.8
1535,67.5,1,0.04,0.8
1536,135,1,0.04,0.8
1537,112.5,1,0.04,0.8
1538,90,1,0.04,0.8
1539,22.5,1,0.04,0.8
1540,202.5,1,0.04,0.8
1541,247.5,1,0.04,0.8
1542,157.5,1,0.04,0.8
1543,315,1,0.04,0.8
1544,67.5,1,0.04,0.8
1545,225,1,0.04,0.8
1546,180,1,0.04,0.8
1547,135,1,0.04,0.8
1548,0,1,0.04,0.8
1549,337.5,1,0.04,0.8
1550,292.5,1,0.04,0.8
1551,45,1,0.04,0.8
1552,270,1,0.04,0.8
1553,247.5,1,0.04,0.8
1554,67.5,1,0.04,0.8
1555,180,1,0.04,0.8
1556,225,1,0.04,0.8
1557,157.5,1,0.04,0.8
1558,337.5,1,0.04,0.8
1559,112.5,1,0.04,0.8
1560,45,1,0.04,0.8
1561,0,1,0.04,0.8
1562,292.5,1,0.04,0.8
1563,202.5,1,0.04,0.8
1564,22.5,1,0.04,0.8
1565,270,1,0.04,0.8
1566,90,1,0.04,0.8
1567,315,1,0.04,0.8
1568,135,1,0.04,0.8
1569,180,1,0.04,0.8
1570,315,1,0.04,0.8
1571,112.5,1,0.04,0.8
1572,157.5,1,0.04,0.8
1573,90,1,0.04,0.8
1574,45,1,0.04,0.8
1575,135,1,0.04,0.8
1576,202.5,1,0.04,0.8
1577,247.5,1,0.04,0.8
1578,225,1,0.04,0.8
1579,270,1,0.04,0.8
1580,337.5,1,0.04,0.8
1581,22.5,1,0.04,0.8
1582,0,1,0.04,0.8
1583,292.5,1,0.04,0.8
1584,67.5,1,0.04,0.8
1585,90,1,0.04,0.8
1586,202.5,1,0.04,0.8
1587,225,1,0.04,0.8
1588,67.5,1,0.04,0.8
1589,112.5,1,0.04,0.8
1590,180,1,0.04,0.8
1591,157.5,1,0.04,0.8
1592,0,1,0.04,0.8
1593,315,1,0.04,0.8
1594,247.5,1,0.04,0.8
1595,22.5,1,0.04,0.8
1596,292.5,1,0.04,0.8
1597,135,1,0.04,0.8
1598,270,1,0.04,0.8
1599,45,1,0.04,0.8
1600,337.5,1,0.04,0.8
1601,270,1,0.04,0.8
1602,292.5,1,0.04,0.8
1603,45,1,0.04,0.8
1604,112.5,1,0.04,0.8
1605,90,1,0.04,0.8
1606,247.5,1,0.04,0.8
1607,0,1,0.04,0.8
1608,22.5,1,0.04,0.8
1609,225,1,0.04,0.8
1610,135,1,0.04,0.8
1611,67.5,1,0.04,0.8
1612,315,1,0.04,0.8
1613,202.5,1,0.04,0.8
1614,157.5,1,0.04,0.8
1615,337.5,1,0.04,0.8
1616,180,1,0.04,0.8
1617,112.5,1,0.04,0.8
1618,180,1,0.04,0.8
1619,45,1,0.04,0.8
1620,270,1,0.04,0.8
1621,90,1,0.04,0.8
1622,315,1,0.04,0.8
1623,225,1,0.04,0.8
1624,157.5,1,0.04,0.8
1625,337.5,1,0.04,0.8
1626,247.5,1,0.04,0.8
1627,0,1,0.04,0.8
1628,292.5,1,0.04,0.8
1629,67.5,1,0.04,0.8
1630,135,1,0.04,0.8
1631,22.5,1,0.04,0.8
1632,202.5,1,0.04,0.8
1633,337.5,1,0.04,0.8
1634,180,1,0.04,0.8
1635,247.5,1,0.04,0.8
1636,90,1,0.04,0.8
1637,225,1,0.04,0.8
1638,202.5,1,0.04,0.8
1639,45,1,0.04,0.8
1640,157.5,1,0.04,0.8
1641,22.5,1,0.04,0.8
1642,0,1,0.04,0.8
1643,270,1,0.04,0.8
1644,315,1,0.04,0.8
1645,67.5,1,0.04,0.8
1646,292.5,1,0.04,0.8
1647,135,1,0.04,0.8
1648,112.5,1,0.04,0.8
1649,247.5,1,0.04,0.8
1650,202.5,1,0.04,0.8
1651,45,1,0.04,0.8
1652,270,1,0.04,0.8
1653,90,1,0.04,0.8
1654,315,1,0.04,0.8
1655,135,1,0.04,0.8
1656,180,1,0.04,0.8
1657,112.5,1,0.04,0.8
1658,337.5,1,0.04,0.8
1659,157.5,1,0.04,0.8
1660,292.5,1,0.04,0.8
1661,225,1,0.04,0.8
1662,0,1,0.04,0.8
1663,67.5,1,0.04,0.8
1664,22.5,1,0.04,0.8
1665,135,1,0.04,0.8
1666,22.5,1,0.04,0.8
1667,292.5,1,0.04,0.8
1668,90,1,0.04,0.8
1669,112.5,1,0.04,0.8
1670,315,1,0.04,0.8
1671,225,1,0.04,0.8
1672,337.5,1,0.04,0.8
1673,270,1,0.04,0.8
1674,157.5,1,0.04,0.8
1675,0,1,0.04,0.8
1676,180,1,0.04,0.8
1677,202.5,1,0.04,0.8
1678,67.5,1,0.04,0.8
1679,45,1,0.04,0.8
1680,247.5,1,0.04,0.8
1681,22.5,1,0.04,0.8
1682,112.5,1,0.04,0.8
1683,157.5,1,0.04,0.8
1684,315,1,0.04,0.8
1685,202.5,1,0.04,0.8
1686,180,1,0.04,0.8
1687,45,1,0.04,0.8
1688,270,1,0.04,0.8
1689,247.5,1,0.04,0.8
1690,67.5,1,0.04,0.8
1691,292.5,1,0.04,0.8
1692,135,1,0.04,0.8
1693,90,1,0.04,0.8
1694,0,1,0.04,0.8
1695,337.5,1,0.04,0.8
1696,225,1,0.04,0.8
1697,22.5,1,0.04,0.8
1698,292.5,1,0.04,0.8
1699,135,1,0.04,0.8
1700,90,1,0.04,0.8
1701,45,1,0.04,0.8
1702,67.5,1,0.04,0.8
1703,202.5,1,0.04,0.8
1704,247.5,1,0.04,0.8
1705,337.5,1,0.04,0.8
1706,180,1,0.04,0.8
1707,157.5,1,0.04,0.8
1708,0,1,0.04,0.8
1709,315,1,0.04,0.8
1710,225,1,0.04,0.8
1711,112.5,1,0.04,0.8
1712,270,1,0.04,0.8
1713,270,1,0.04,0.8
1714,22.5,1,0.04,0.8
1715,292.5,1,0.04,0.8
1716,225,1,0.04,0.8
1717,157.5,1,0.04,0.8
1718,135,1,0.04,0.8
1719,180,1,0.04,0.8
1720,0,1,0.04,0.8
1721,247.5,1,0.04,0.8
1722,67.5,1,0.04,0.8
1723,45,1,0.04,0.8
1724,315,1,0.04,0.8
1725,202.5,1,0.04,0.8
1726,90,1,0.04,0.8
1727,112.5,1,0.04,0.8
1728,337.5,1,0.04,0.8
1729,90,1,0.04,0.8
1730,67.5,1,0.04,0.8
1731,202.5,1,0.04,0.8
1732,292.5,1,0.04,0.8
1733,270,1,0.04,0.8
1734,315,1,0.04,0.8
1735,157.5,1,0.04,0.8
1736,45,1,0.04,0.8
1737,337.5,1,0.04,0.8
1738,180,1,0.04,0.8
1739,135,1,0.04,0.8
1740,112.5,1,0.04,0.8
1741,225,1,0.04,0.8
1742,0,1,0.04,0.8
1743,22.5,1,0.04,0.8
1744,247.5,1,0.04,0.8
1745,90,1,0.04,0.8
1746,112.5,1,0.04,0.8
1747,45,1,0.04,0.8
1748,135,1,0.04,0.8
1749,337.5,1,0.04,0.8
1750,315,1,0.04,0.8
1751,202.5,1,0.04,0.8
1752,180,1,0.04,0.8
1753,292.5,1,0.04,0.8
1754,157.5,1,0.04,0.8
1755,247.5,1,0.04,0.8
1756,270,1,0.04,0.8
1757,67.5,1,0.04,0.8
1758,225,1,0.04,0.8
1759,0,1,0.04,0.8
1760,22.5,1,0.04,0.8
1761,135,1,0.04,0.8
1762,157.5,1,0.04,0.8
1763,337.5,1,0.04,0.8
1764,22.5,1,0.04,0.8
1765,90,1,0.04,0.8
1766,67.5,1,0.04,0.8
1767,112.5,1,0.04,0.8
1768,270,1,0.04,0.8
1769,315,1,0.04,0.8
1770,292.5,1,0.04,0.8
1771,45,1,0.04,0.8
1772,225,1,0.04,0.8
1773,202.5,1,0.04,0.8
1774,247.5,1,0.04,0.8
1775,180,1,0.04,0.8
1776,0,1,0.04,0.8
1777,45,1,0.04,0.8
1778,112.5,1,0.04,0.8
1779,247.5,1,0.04,0.8
1780,90,1,0.04,0.8
1781,315,1,0.04,0.8
1782,135,1,0.04,0.8
1783,0,1,0.04,0.8
1784,337.5,1,0.04,0.8
1785,67.5,1,0.04,0.8
1786,180,1,0.04,0.8
1787,202.5,1,0.04,0.8
1788,270,1,0.04,0.8
1789,22.5,1,0.04,0.8
1790,157.5,1,0.04,0.8
1791,292.5,1,0.04,0.8
1792,225,1,0.04,0.8
1793,112.5,1,0.04,0.8
1794,157.5,1,0.04,0.8
1795,315,1,0.04,0.8
1796,270,1,0.04,0.8
1797,45,1,0.04,0.8
1798,67.5,1,0.04,0.8
1799,292.5,1,0.04,0.8
1800,90,1,0.04,0.8
1801,180,1,0.04,0.8
1802,247.5,1,0.04,0.8
1803,22.5,1,0.04,0.8
1804,202.5,1,0.04,0.8
1805,225,1,0.04,0.8
1806,0,1,0.04,0.8
1807,337.5,1,0.04,0.8
1808,135,1,0.04,0.8
1809,112.5,1,0.04,0.8
1810,337.5,1,0.04,0.8
1811,90,1,0.04,0.8
1812,0,1,0.04,0.8
1813,135,1,0.04,0.8
1814,157.5,1,0.04,0.8
1815,67.5,1,0.04,0.8
1816,315,1,0.04,0.8
1817,45,1,0.04,0.8
1818,180,1,0.04,0.8
1819,270,1,0.04,0.8
1820,22.5,1,0.04,0.8
1821,225,1,0.04,0.8
1822,202.5,1,0.04,0.8
1823,247.5,1,0.04,0.8
1824,292.5,1,0.04,0.8
1825,157.5,1,0.04,0.8
1826,112.5,1,0.04,0.8
1827,135,1,0.04,0.8
1828,67.5,1,0.04,0.8
1829,270,1,0.04,0.8
1830,90,1,0.04,0.8
1831,247.5,1,0.04,0.8
1832,337.5,1,0.04,0.8
1833,45,1,0.04,0.8
1834,292.5,1,0.04,0.8
1835,22.5,1,0.04,0.8
1836,315,1,0.04,0.8
1837,202.5,1,0.04,0.8
1838,0,1,0.04,0.8
1839,225,1,0.04,0.8
1840,180,1,0.04,0.8
1841,247.5,1,0.04,0.8
1842,337.5,1,0.04,0.8
1843,292.5,1,0.04,0.8
1844,22.5,1,0.04,0.8
1845,157.5,1,0.04,0.8
1846,225,1,0.04,0.8
1847,135,1,0.04,0.8
1848,112.5,1,0.04,0.8
1849,180,1,0.04,0.8
1850,90,1,0.04,0.8
1851,315,1,0.04,0.8
1852,270,1,0.04,0.8
1853,0,1,0.04,0.8
1854,67.5,1,0.04,0.8
1855,45,1,0.04,0.8
1856,202.5,1,0.04,0.8
1857,157.5,1,0.04,0.8
1858,202.5,1,0.04,0.8
1859,247.5,1,0.04,0.8
1860,135,1,0.04,0.8
1861,292.5,1,0.04,0.8
1862,22.5,1,0.04,0.8
1863,315,1,0.04,0.8
1864,45,1,0.04,0.8
1865,337.5,1,0.04,0.8
1866,180,1,0.04,0.8
1867,90,1,0.04,0.8
1868,67.5,1,0.04,0.8
1869,112.5,1,0.04,0.8
1870,270,1,0.04,0.8
1871,0,1,0.04,0.8
1872,225,1,0.04,0.8
1873,90,1,0.04,0.8
1874,225,1,0.04,0.8
1875,22.5,1,0.04,0.8
1876,202.5,1,0.04,0.8
1877,180,1,0.04,0.8
1878,315,1,0.04,0.8
1879,247.5,1,0.04,0.8
1880,157.5,1,0.04,0.8
1881,292.5,1,0.04,0.8
1882,270,1,0.04,0.8
1883,135,1,0.04,0.8
1884,67.5,1,0.04,0.8
1885,112.5,1,0.04,0.8
1886,0,1,0.04,0.8
1887,337.5,1,0.04,0.8
1888,45,1,0.04,0.8
1889,45,1,0.04,0.8
1890,225,1,0.04,0.8
1891,0,1,0.04,0.8
1892,67.5,1,0.04,0.8
1893,315,1,0.04,0.8
1894,135,1,0.04,0.8
1895,247.5,1,0.04,0.8
1896,292.5,1,0.04,0.8
1897,157.5,1,0.04,0.8
1898,90,1,0.04,0.8
1899,112.5,1,0.04,0.8
1900,180,1,0.04,0.8
1901,202.5,1,0.04,0.8
1902,337.5,1,0.04,0.8
1903,270,1,0.04,0.8
1904,22.5,1,0.04,0.8
1905,67.5,1,0.04,0.8
1906,135,1,0.04,0.8
1907,247.5,1,0.04,0.8
1908,315,1,0.04,0.8
1909,22.5,1,0.04,0.8
1910,180,1,0.04,0.8
1911,225,1,0.04,0.8
1912,292.5,1,0.04,0.8
1913,202.5,1,0.04,0.8
1914,270,1,0.04,0.8
1915,90,1,0.04,0.8
1916,337.5,1,0.04,0.8
1917,45,1,0.04,0.8
1918,0,1,0.04,0.8
1919,112.5,1,0.04,0.8
1920,157.5,1,0.04,0.8
1921,225,1,0.04,0.8
1922,202.5,1,0.04,0.8
1923,180,1,0.04,0.8
1924,0,1,0.04,0.8
1925,337.5,1,0.04,0.8
1926,157.5,1,0.04,0.8
1927,22.5,1,0.04,0.8
1928,135,1,0.04,0.8
1929,112.5,1,0.04,0.8
1930,90,1,0.04,0.8
1931,270,1,0.04,0.8
1932,67.5,1,0.04,0.8
1933,45,1,0.04,0.8
1934,292.5,1,0.04,0.8
1935,247.5,1,0.04,0.8
1936,315,1,0.04,0.8
1937,135,1,0.04,0.8
1938,22.5,1,0.04,0.8
1939,247.5,1,0.04,0.8
1940,0,1,0.04,0.8
1941,180,1,0.04,0.8
1942,270,1,0.04,0.8
1943,45,1,0.04,0.8
1944,225,1,0.04,0.8
1945,202.5,1,0.04,0.8
1946,112.5,1,0.04,0.8
1947,157.5,1,0.04,0.8
1948,337.5,1,0.04,0.8
1949,67.5,1,0.04,0.8
1950,292.5,1,0.04,0.8
1951,315,1,0.04,0.8
1952,90,1,0.04,0.8
1953,225,1,0.04,0.8
1954,337.5,1,0.04,0.8
1955,22.5,1,0.04,0.8
1956,112.5,1,0.04,0.8
1957,157.5,1,0.04,0.8
1958,292.5,1,0.04,0.8
1959,180,1,0.04,0.8
1960,202.5,1,0.04,0.8
1961,67.5,1,0.04,0.8
1962,135,1,0.04,0.8
1963,315,1,0.04,0.8
1964,247.5,1,0.04,0.8
1965,90,1,0.04,0.8
1966,45,1,0.04,0.8
1967,270,1,0.04,0.8
1968,0,1,0.04,0.8
1969,292.5,1,0.04,0.8
1970,135,1,0.04,0.8
1971,180,1,0.04,0.8
1972,90,1,0.04,0.8
1973,45,1,0.04,0.8
1974,112.5,1,0.04,0.8
1975,22.5,1,0.04,0.8
1976,202.5,1,0.04,0.8
1977,225,1,0.04,0.8
1978,0,1,0.04,0.8
1979,337.5,1,0.04,0.8
1980,157.5,1,0.04,0.8
1981,67.5,1,0.04,0.8
1982,247.5,1,0.04,0.8
1983,270,1,0.04,0.8
1984,315,1,0.04,0.8
1985,0,1,0.04,0.8
1986,270,1,0.04,0.8
1987,22.5,1,0.04,0.8
1988,45,1,0.04,0.8
1989,337.5,1,0.04,0.8
1990,67.5,1,0.04,0.8
1991,202.5,1,0.04,0.8
1992,315,1,0.04,0.8
1993,135,1,0.04,0.8
1994,180,1,0.04,0.8
1995,90,1,0.04,0.8
1996,292.5,1,0.04,0.8
1997,247.5,1,0.04,0.8
1998,225,1,0.04,0.8
1999,112.5,1,0.04,0.8
2000,157.5,1,0.04,0.8
2001,22.5,1,0.04,0.8
2002,45,1,0.04,0.8
2003,225,1,0.04,0.8
2004,157.5,1,0.04,0.8
2005,90,1,0.04,0.8
2006,270,1,0.04,0.8
2007,337.5,1,0.04,0.8
2008,112.5,1,0.04,0.8
2009,315,1,0.04,0.8
2010,247.5,1,0.04,0.8
2011,292.5,1,0.04,0.8
2012,180,1,0.04,0.8
2013,202.5,1,0.04,0.8
2014,0,1,0.04,0.8
2015,135,1,0.04,0.8
2016,67.5,1,0.04,0.8
2017,247.5,1,0.04,0.8
2018,135,1,0.04,0.8
2019,180,1,0.04,0.8
2020,0,1,0.04,0.8
2021,270,1,0.04,0.8
2022,315,1,0.04,0.8
2023,337.5,1,0.04,0.8
2024,112.5,1,0.04,0.8
2025,157.5,1,0.04,0.8
2026,292.5,1,0.04,0.8
2027,67.5,1,0.04,0.8
2028,202.5,1,0.04,0.8
2029,22.5,1,0.04,0.8
2030,45,1,0.04,0.8
2031,225,1,0.04,0.8
2032,90,1,0.04,0.8
2033,0,1,0.04,0.8
2034,90,1,0.04,0.8
2035,135,1,0.04,0.8
2036,292.5,1,0.04,0.8
2037,247.5,1,0.04,0.8
2038,157.5,1,0.04,0.8
2039,45,1,0.04,0.8
2040,22.5,1,0.04,0.8
2041,337.5,1,0.04,0.8
2042,67.5,1,0.04,0.8
2043,270,1,0.04,0.8
2044,112.5,1,0.04,0.8
2045,315,1,0.04,0.8
2046,180,1,0.04,0.8
2047,225,1,0.04,0.8
2048,202.5,1,0.04,0.8
2049,157.5,1,0.04,0.8
2050,0,1,0.04,0.8
2051,202.5,1,0.04,0.8
2052,225,1,0.04,0.8
2053,135,1,0.04,0.8
2054,315,1,0.04,0.8
2055,247.5,1,0.04,0.8
2056,180,1,0.04,0.8
2057,337.5,1,0.04,0.8
2058,22.5,1,0.04,0.8
2059,270,1,0.04,0.8
2060,112.5,1,0.04,0.8
2061,90,1,0.04,0.8
2062,67.5,1,0.04,0.8
2063,45,1,0.04,0.8
2064,292.5,1,0.04,0.8
2065,202.5,1,0.04,0.8
2066,270,1,0.04,0.8
2067,67.5,1,0.04,0.8
2068,22.5,1,0.04,0.8
2069,225,1,0.04,0.8
2070,247.5,1,0.04,0.8
2071,337.5,1,0.04,0.8
2072,112.5,1,0.04,0.8
2073,180,1,0.04,0.8
2074,292.5,1,0.04,0.8
2075,157.5,1,0.04,0.8
2076,45,1,0.04,0.8
2077,315,1,0.04,0.8
2078,90,1,0.04,0.8
2079,0,1,0.04,0.8
2080,135,1,0.04,0.8
2081,292.5,1,0.04,0.8
2082,0,1,0.04,0.8
2083,270,1,0.04,0.8
2084,90,1,0.04,0.8
2085,202.5,1,0.04,0.8
2086,337.5,1,0.04,0.8
2087,247.5,1,0.04,0.8
2088,112.5,1,0.04,0.8
2089,157.5,1,0.04,0.8
2090,22.5,1,0.04,0.8
2091,67.5,1,0.04,0.8
2092,135,1,0.04,0.8
2093,315,1,0.04,0.8
2094,45,1,0.04,0.8
2095,225,1,0.04,0.8
2096,180,1,0.04,0.8
2097,292.5,1,0.04,0.8
2098,180,1,0.04,0.8
2099,67.5,1,0.04,0.8
2100,45,1,0.04,0.8
2101,22.5,1,0.04,0.8
2102,0,1,0.04,0.8
2103,135,1,0.04,0.8
2104,315,1,0.04,0.8
2105,90,1,0.04,0.8
2106,270,1,0.04,0.8
2107,337.5,1,0.04,0.8
2108,225,1,0.04,0.8
2109,247.5,1,0.04,0.8
2110,202.5,1,0.04,0.8
2111,157.5,1,0.04,0.8
2112,112.5,1,0.04,0.8
2113,315,1,0.04,0.8
2114,22.5,1,0.04,0.8
2115,0,1,0.04,0.8
2116,225,1,0.04,0.8
2117,247.5,1,0.04,0.8
2118,45,1,0.04,0.8
2119,292.5,1,0.04,0.8
2120,135,1,0.04,0.8
2121,337.5,1,0.04,0.8
2122,90,1,0.04,0.8
2123,180,1,0.04,0.8
2124,270,1,0.04,0.8
2125,112.5,1,0.04,0.8
2126,157.5,1,0.04,0.8
2127,202.5,1,0.04,0.8
2128,67.5,1,0.04,0.8
2129,180,1,0.04,0.8
2130,337.5,1,0.04,0.8
2131,270,1,0.04,0.8
2132,135,1,0.04,0.8
2133,45,1,0.04,0.8
2134,202.5,1,0.04,0.8
2135,67.5,1,0.04,0.8
2136,0,1,0.04,0.8
2137,22.5,1,0.04,0.8
2138,315,1,0.04,0.8
2139,225,1,0.04,0.8
2140,90,1,0.04,0.8
2141,112.5,1,0.04,0.8
2142,247.5,1,0.04,0.8
2143,292.5,1,0.04,0.8
2144,157.5,1,0.04,0.8
2145,202.5,1,0.04,0.8
2146,135,1,0.04,0.8
2147,292.5,1,0.04,0.8
2148,270,1,0.04,0.8
2149,22.5,1,0.04,0.8
2150,225,1,0.04,0.8
2151,157.5,1,0.04,0.8
2152,112.5,1,0.04,0.8
2153,180,1,0.04,0.8
2154,337.5,1,0.04,0.8
2155,247.5,1,0.04,0.8
2156,0,1,0.04,0.8
2157,315,1,0.04,0.8
2158,90,1,0.04,0.8
2159,45,1,0.04,0.8
2160,67.5,1,0.04,0.8
2161,292.5,1,0.04,0.8
2162,67.5,1,0.04,0.8
2163,337.5,1,0.04,0.8
2164,180,1,0.04,0.8
2165,270,1,0.04,0.8
2166,90,1,0.04,0.8
2167,0,1,0.04,0.8
2168,315,1,0.04,0.8
2169,45,1,0.04,0.8
2170,247.5,1,0.04,0.8
2171,202.5,1,0.04,0.8
2172,157.5,1,0.04,0.8
2173,112.5,1,0.04,0.8
2174,225,1,0.04,0.8
2175,22.5,1,0.04,0.8
2176,135,1,0.04,0.8
2177,180,1,0.04,0.8
2178,337.5,1,0.04,0.8
2179,247.5,1,0.04,0.8
2180,22.5,1,0.04,0.8
2181,225,1,0.04,0.8
2182,270,1,0.04,0.8
2183,315,1,0.04,0.8
2184,67.5,1,0.04,0.8
2185,90,1,0.04,0.8
2186,202.5,1,0.04,0.8
2187,292.5,1,0.04,0.8
2188,157.5,1,0.04,0.8
2189,135,1,0.04,0.8
2190,112.5,1,0.04,0.8
2191,0,1,0.04,0.8
2192,45,1,0.04,0.8
2193,135,1,0.04,0.8
2194,270,1,0.04,0.8
2195,22.5,1,0.04,0.8
2196,67.5,1,0.04,0.8
2197,202.5,1,0.04,0.8
2198,315,1,0.04,0.8
2199,157.5,1,0.04,0.8
2200,45,1,0.04,0.8
2201,0,1,0.04,0.8
2202,112.5,1,0.04,0.8
2203,292.5,1,0.04,0.8
2204,247.5,1,0.04,0.8
2205,337.5,1,0.04,0.8
2206,225,1,0.04,0.8
2207,90,1,0.04,0.8
2208,180,1,0.04,0.8
2209,270,1,0.04,0.8
2210,67.5,1,0.04,0.8
2211,202.5,1,0.04,0.8
2212,45,1,0.04,0.8
2213,225,1,0.04,0.8
2214,90,1,0.04,0.8
2215,180,1,0.04,0.8
2216,22.5,1,0.04,0.8
2217,292.5,1,0.04,0.8
2218,112.5,1,0.04,0.8
2219,157.5,1,0.04,0.8
2220,247.5,1,0.04,0.8
2221,0,1,0.04,0.8
2222,135,1,0.04,0.8
2223,337.5,1,0.04,0.8
2224,315,1,0.04,0.8
2225,202.5,1,0.04,0.8
2226,225,1,0.04,0.8
2227,112.5,1,0.04,0.8
2228,0,1,0.04,0.8
2229,135,1,0.04,0.8
2230,157.5,1,0.04,0.8
2231,292.5,1,0.04,0.8
2232,90,1,0.04,0.8
2233,315,1,0.04,0.8
2234,67.5,1,0.04,0.8
2235,45,1,0.04,0.8
2236,22.5,1,0.04,0.8
2237,337.5,1,0.04,0.8
2238,180,1,0.04,0.8
2239,270,1,0.04,0.8
2240,247.5,1,0.04,0.8
2241,45,1,0.04,0.8
2242,337.5,1,0.04,0.8
2243,135,1,0.04,0.8
2244,0,1,0.04,0.8
2245,202.5,1,0.04,0.8
2246,315,1,0.04,0.8
2247,292.5,1,0.04,0.8
2248,270,1,0.04,0.8
2249,247.5,1,0.04,0.8
2250,90,1,0.04,0.8
2251,67.5,1,0.04,0.8
2252,225,1,0.04,0.8
2253,22.5,1,0.04,0.8
2254,112.5,1,0.04,0.8
2255,157.5,1,0.04,0.8
2256,180,1,0.04,0.8
2257,270,1,0.04,0.8
2258,315,1,0.04,0.8
2259,90,1,0.04,0.8
2260,22.5,1,0.04,0.8
2261,0,1,0.04,0.8
2262,247.5,1,0.04,0.8
2263,225,1,0.04,0.8
2264,337.5,1,0.04,0.8
2265,180,1,0.04,0.8
2266,45,1,0.04,0.8
2267,202.5,1,0.04,0.8
2268,67.5,1,0.04,0.8
2269,112.5,1,0.04,0.8
2270,157.5,1,0.04,0.8
2271,292.5,1,0.04,0.8
2272,135,1,0.04,0.8
2273,90,1,0.04,0.8
2274,247.5,1,0.04,0.8
2275,292.5,1,0.04,0.8
2276,0,1,0.04,0.8
2277,157.5,1,0.04,0.8
2278,315,1,0.04,0.8
2279,135,1,0.04,0.8
2280,22.5,1,0.04,0.8
2281,112.5,1,0.04,0.8
2282,337.5,1,0.04,0.8
2283,180,1,0.04,0.8
2284,270,1,0.04,0.8
2285,202.5,1,0.04,0.8
2286,67.5,1,0.04,0.8
2287,45,1,0.04,0.8
2288,225,1,0.04,0.8
2289,225,1,0.04,0.8
2290,45,1,0.04,0.8
2291,315,1,0.04,0.8
2292,337.5,1,0.04,0.8
2293,112.5,1,0.04,0.8
2294,135,1,0.04,0.8
2295,0,1,0.04,0.8
2296,22.5,1,0.04,0.8
2297,247.5,1,0.04,0.8
2298,292.5,1,0.04,0.8
2299,270,1,0.04,0.8
2300,67.5,1,0.04,0.8
2301,202.5,1,0.04,0.8
2302,90,1,0.04,0.8
2303,157.5,1,0.04,0.8
2304,180,1,0.04,0.8
2305,337.5,1,0.04,0.8
2306,90,1,0.04,0.8
2307,270,1,0.04,0.8
2308,292.5,1,0.04,0.8
2309,315,1,0.04,0.8
2310,67.5,1,0.04,0.8
2311,135,1,0.04,0.8
2312,225,1,0.04,0.8
2313,157.5,1,0.04,0.8
2314,112.5,1,0.04,0.8
2315,247.5,1,0.04,0.8
2316,22.5,1,0.04,0.8
2317,202.5,1,0.04,0.8
2318,180,1,0.04,0.8
2319,45,1,0.04,0.8
2320,0,1,0.04,0.8
2321,315,1,0.04,0.8
2322,135,1,0.04,0.8
2323,45,1,0.04,0.8
2324,292.5,1,0.04,0.8
2325,112.5,1,0.04,0.8
2326,67.5,1,0.04,0.8
2327,270,1,0.04,0.8
2328,337.5,1,0.04,0.8
2329,225,1,0.04,0.8
2330,22.5,1,0.04,0.8
2331,202.5,1,0.04,0.8
2332,157.5,1,0.04,0.8
2333,247.5,1,0.04,0.8
2334,180,1,0.04,0.8
2335,90,1,0.04,0.8
2336,0,1,0.04,0.8
2337,90,1,0.04,0.8
2338,135,1,0.04,0.8
2339,247.5,1,0.04,0.8
2340,45,1,0.04,0.8
2341,180,1,0.04,0.8
2342,0,1,0.04,0.8
2343,22.5,1,0.04,0.8
2344,270,1,0.04,0.8
2345,292.5,1,0.04,0.8
2346,315,1,0.04,0.8
2347,337.5,1,0.04,0.8
2348,157.5,1,0.04,0.8
2349,112.5,1,0.04,0.8
2350,67.5,1,0.04,0.8
2351,202.5,1,0.04,0.8
2352,225,1,0.04,0.8
2353,0,1,0.04,0.8
2354,157.5,1,0.04,0.8
2355,292.5,1,0.04,0.8
2356,337.5,1,0.04,0.8
2357,90,1,0.04,0.8
2358,22.5,1,0.04,0.8
2359,180,1,0.04,0.8
2360,67.5,1,0.04,0.8
2361,225,1,0.04,0.8
2362,247.5,1,0.04,0.8
2363,112.5,1,0.04,0.8
2364,45,1,0.04,0.8
2365,135,1,0.04,0.8
2366,315,1,0.04,0.8
2367,270,1,0.04,0.8
2368,202.5,1,0.04,0.8
2369,225,1,0.04,0.8
2370,67.5,1,0.04,0.8
2371,292.5,1,0.04,0.8
2372,45,1,0.04,0.8
2373,202.5,1,0.04,0.8
2374,112.5,1,0.04,0.8
2375,135,1,0.04,0.8
2376,0,1,0.04,0.8
2377,22.5,1,0.04,0.8
2378,157.5,1,0.04,0.8
2379,315,1,0.04,0.8
2380,180,1,0.04,0.8
2381,247.5,1,0.04,0.8
2382,337.5,1,0.04,0.8
2383,270,1,0.04,0.8
2384,90,1,0.04,0.8
2385,292.5,1,0.04,0.8
2386,225,1,0.04,0.8
2387,112.5,1,0.04,0.8
2388,67.5,1,0.04,0.8
2389,90,1,0.04,0.8
2390,315,1,0.04,0.8
2391,247.5,1,0.04,0.8
2392,135,1,0.04,0.8
2393,45,1,0.04,0.8
2394,0,1,0.04,0.8
2395,22.5,1,0.04,0.8
2396,180,1,0.04,0.8
2397,337.5,1,0.04,0.8
2398,202.5,1,0.04,0.8
2399,157.5,1,0.04,0.8
2400,270,1,0.04,0.8
2401,337.5,1,0.04,0.8
2402,270,1,0.04,0.8
2403,315,1,0.04,0.8
2404,247.5,1,0.04,0.8
2405,45,1,0.04,0.8
2406,22.5,1,0.04,0.8
2407,112.5,1,0.04,0.8
2408,90,1,0.04,0.8
2409,135,1,0.04,0.8
2410,292.5,1,0.04,0.8
2411,0,1,0.04,0.8
2412,157.5,1,0.04,0.8
2413,225,1,0.04,0.8
2414,67.5,1,0.04,0.8
2415,180,1,0.04,0.8
2416,202.5,1,0.04,0.8
2417,180,1,0.04,0.8
2418,225,1,0.04,0.8
2419,202.5,1,0.04,0.8
2420,247.5,1,0.04,0.8
2421,45,1,0.04,0.8
2422,337.5,1,0.04,0.8
2423,135,1,0.04,0.8
2424,22.5,1,0.04,0.8
2425,157.5,1,0.04,0.8
2426,67.5,1,0.04,0.8
2427,292.5,1,0.04,0.8
2428,112.5,1,0.04,0.8
2429,0,1,0.04,0.8
2430,315,1,0.04,0.8
2431,90,1,0.04,0.8
2432,270,1,0.04,0.8
2433,315,1,0.04,0.8
2434,247.5,1,0.04,0.8
2435,157.5,1,0.04,0.8
2436,0,1,0.04,0.8
2437,90,1,0.04,0.8
2438,225,1,0.04,0.8
2439,270,1,0.04,0.8
2440,67.5,1,0.04,0.8
2441,202.5,1,0.04,0.8
2442,292.5,1,0.04,0.8
2443,337.5,1,0.04,0.8
2444,22.5,1,0.04,0.8
2445,45,1,0.04,0.8
2446,180,1,0.04,0.8
2447,135,1,0.04,0.8
2448,112.5,1,0.04,0.8
2449,0,1,0.04,0.8
2450,202.5,1,0.04,0.8
2451,180,1,0.04,0.8
2452,292.5,1,0.04,0.8
2453,90,1,0.04,0.8
2454,225,1,0.04,0.8
2455,45,1,0.04,0.8
2456,157.5,1,0.04,0.8
2457,112.5,1,0.04,0.8
2458,337.5,1,0.04,0.8
2459,22.5,1,0.04,0.8
2460,270,1,0.04,0.8
2461,135,1,0.04,0.8
2462,247.5,1,0.04,0.8
2463,67.5,1,0.04,0.8
2464,315,1,0.04,0.8
2465,67.5,1,0.04,0.8
2466,45,1,0.04,0.8
2467,270,1,0.04,0.8
2468,247.5,1,0.04,0.8
2469,202.5,1,0.04,0.8
2470,135,1,0.04,0.8
2471,292.5,1,0.04,0.8
2472,112.5,1,0.04,0.8
2473,315,1,0.04,0.8
2474,22.5,1,0.04,0.8
2475,225,1,0.04,0.8
2476,180,1,0.04,0.8
2477,90,1,0.04,0.8
2478,0,1,0.04,0.8
2479,157.5,1,0.04,0.8
2480,337.5,1,0.04,0.8
2481,45,1,0.04,0.8
2482,270,1,0.04,0.8
2483,135,1,0.04,0.8
2484,180,1,0.04,0.8
2485,67.5,1,0.04,0.8
2486,22.5,1,0.04,0.8
2487,337.5,1,0.04,0.8
2488,315,1,0.04,0.8
2489,292.5,1,0.04,0.8
2490,225,1,0.04,0.8
2491,247.5,1,0.04,0.8
2492,202.5,1,0.04,0.8
2493,112.5,1,0.04,0.8
2494,0,1,0.04,0.8
2495,90,1,0.04,0.8
2496,157.5,1,0.04,0.8
2497,22.5,1,0.04,0.8
2498,135,1,0.04,0.8
2499,202.5,1,0.04,0.8
2500,315,1,0.04,0.8
2501,67.5,1,0.04,0.8
2502,180,1,0.04,0.8
2503,247.5,1,0.04,0.8
2504,225,1,0.04,0.8
2505,337.5,1,0.04,0.8
2506,292.5,1,0.04,0.8
2507,90,1,0.04,0.8
2508,157.5,1,0.04,0.8
2509,270,1,0.04,0.8
2510,45,1,0.04,0.8
2511,0,1,0.04,0.8
2512,112.5,1,0.04,0.8
2513,337.5,1,0.04,0.8
2514,247.5,1,0.04,0.8
2515,292.5,1,0.04,0.8
2516,67.5,1,0.04,0.8
2517,270,1,0.04,0.8
2518,90,1,0.04,0.8
2519,180,1,0.04,0.8
2520,202.5,1,0.04,0.8
2521,0,1,0.04,0.8
2522,112.5,1,0.04,0.8
2523,315,1,0.04,0.8
2524,157.5,1,0.04,0.8
2525,45,1,0.04,0.8
2526,22.5,1,0.04,0.8
2527,135,1,0.04,0.8
2528,225,1,0.04,0.8
2529,337.5,1,0.04,0.8
2530,157.5,1,0.04,0.8
2531,180,1,0.04,0.8
2532,315,1,0.04,0.8
2533,90,1,0.04,0.8
2534,0,1,0.04,0.8
2535,292.5,1,0.04,0.8
2536,135,1,0.04,0.8
2537,67.5,1,0.04,0.8
2538,112.5,1,0.04,0.8
2539,270,1,0.04,0.8
2540,22.5,1,0.04,0.8
2541,202.5,1,0.04,0.8
2542,45,1,0.04,0.8
2543,225,1,0.04,0.8
2544,247.5,1,0.04,0.8
2545,270,1,0.04,0.8
2546,180,1,0.04,0.8
2547,135,1,0.04,0.8
2548,0,1,0.04,0.8
2549,337.5,1,0.04,0.8
2550,315,1,0.04,0.8
2551,225,1,0.04,0.8
2552,202.5,1,0.04,0.8
2553,22.5,1,0.04,0.8
2554,45,1,0.04,0.8
2555,67.5,1,0.04,0.8
2556,112.5,1,0.04,0.8
2557,157.5,1,0.04,0.8
2558,247.5,1,0.04,0.8
2559,292.5,1,0.04,0.8
2560,90,1,0.04,0.8
2561,0,1,0.04,0.8
2562,135,1,0.04,0.8
2563,22.5,1,0.04,0.8
2564,45,1,0.04,0.8
2565,67.5,1,0.04,0.8
2566,337.5,1,0.04,0.8
2567,270,1,0.04,0.8
2568,112.5,1,0.04,0.8
2569,292.5,1,0.04,0.8
2570,225,1,0.04,0.8
2571,315,1,0.04,0.8
2572,202.5,1,0.04,0.8
2573,180,1,0.04,0.8
2574,247.5,1,0.04,0.8
2575,157.5,1,0.04,0.8
2576,90,1,0.04,0.8
2577,45,1,0.04,0.8
2578,315,1,0.04,0.8
2579,90,1,0.04,0.8
2580,67.5,1,0.04,0.8
2581,157.5,1,0.04,0.8
2582,292.5,1,0.04,0.8
2583,225,1,0.04,0.8
2584,0,1,0.04,0.8
2585,180,1,0.04,0.8
2586,202.5,1,0.04,0.8
2587,22.5,1,0.04,0.8
2588,135,1,0.04,0.8
2589,270,1,0.04,0.8
2590,337.5,1,0.04,0.8
2591,112.5,1,0.04,0.8
2592,247.5,1,0.04,0.8
2593,157.5,1,0.04,0.8
2594,337.5,1,0.04,0.8
2595,292.5,1,0.04,0.8
2596,0,1,0.04,0.8
2597,315,1,0.04,0.8
2598,45,1,0.04,0.8
2599,225,1,0.04,0.8
2600,270,1,0.04,0.8
2601,22.5,1,0.04,0.8
2602,202.5,1,0.04,0.8
2603,247.5,1,0.04,0.8
2604,180,1,0.04,0.8
2605,67.5,1,0.04,0.8
2606,90,1,0.04,0.8
2607,112.5,1,0.04,0.8
2608,135,1,0.04,0.8
2609,112.5,1,0.04,0.8
2610,315,1,0.04,0.8
2611,90,1,0.04,0.8
2612,247.5,1,0.04,0.8
2613,180,1,0.04,0.8
2614,337.5,1,0.04,0.8
2615,292.5,1,0.04,0.8
2616,0,1,0.04,0.8
2617,67.5,1,0.04,0.8
2618,225,1,0.04,0.8
2619,22.5,1,0.04,0.8
2620,45,1,0.04,0.8
2621,270,1,0.04,0.8
2622,157.5,1,0.04,0.8
2623,202.5,1,0.04,0.8
2624,135,1,0.04,0.8
2625,0,1,0.04,0.8
2626,67.5,1,0.04,0.8
2627,45,1,0.04,0.8
2628,270,1,0.04,0.8
2629,202.5,1,0.04,0.8
2630,22.5,1,0.04,0.8
2631,315,1,0.04,0.8
2632,90,1,0.04,0.8
2633,135,1,0.04,0.8
2634,337.5,1,0.04,0.8
2635,180,1,0.04,0.8
2636,292.5,1,0.04,0.8
2637,112.5,1,0.04,0.8
2638,247.5,1,0.04,0.8
2639,225,1,0.04,0.8
2640,157.5,1,0.04,0.8
2641,67.5,1,0.04,0.8
2642,90,1,0.04,0.8
2643,337.5,1,0.04,0.8
2644,225,1,0.04,0.8
2645,112.5,1,0.04,0.8
2646,180,1,0.04,0.8
2647,0,1,0.04,0.8
2648,202.5,1,0.04,0.8
2649,135,1,0.04,0.8
2650,45,1,0.04,0.8
2651,247.5,1,0.04,0.8
2652,270,1,0.04,0.8
2653,292.5,1,0.04,0.8
2654,22.5,1,0.04,0.8
2655,157.5,1,0.04,0.8
2656,315,1,0.04,0.8
2657,270,1,0.04,0.8
2658,67.5,1,0.04,0.8
2659,202.5,1,0.04,0.8
2660,337.5,1,0.04,0.8
2661,315,1,0.04,0.8
2662,247.5,1,0.04,0.8
2663,45,1,0.04,0.8
2664,292.5,1,0.04,0.8
2665,180,1,0.04,0.8
2666,225,1,0.04,0.8
2667,22.5,1,0.04,0.8
2668,135,1,0.04,0.8
2669,90,1,0.04,0.8
2670,0,1,0.04,0.8
2671,157.5,1,0.04,0.8
2672,112.5,1,0.04,0.8
2673,292.5,1,0.04,0.8
2674,337.5,1,0.04,0.8
2675,45,1,0.04,0.8
2676,67.5,1,0.04,0.8
2677,157.5,1,0.04,0.8
2678,247.5,1,0.04,0.8
2679,0,1,0.04,0.8
2680,112.5,1,0.04,0.8
2681,90,1,0.04,0.8
2682,22.5,1,0.04,0.8
2683,315,1,0.04,0.8
2684,270,1,0.04,0.8
2685,135,1,0.04,0.8
2686,225,1,0.04,0.8
2687,180,1,0.04,0.8
2688,202.5,1,0.04,0.8
2689,45,1,0.04,0.8
2690,0,1,0.04,0.8
2691,22.5,1,0.04,0.8
2692,247.5,1,0.04,0.8
2693,180,1,0.04,0.8
2694,315,1,0.04,0.8
2695,225,1,0.04,0.8
2696,90,1,0.04,0.8
2697,135,1,0.04,0.8
2698,292.5,1,0.04,0.8
2699,337.5,1,0.04,0.8
2700,157.5,1,0.04,0.8
2701,112.5,1,0.04,0.8
2702,270,1,0.04,0.8
2703,202.5,1,0.04,0.8
2704,67.5,1,0.04,0.8
2705,247.5,1,0.04,0.8
2706,22.5,1,0.04,0.8
2707,202.5,1,0.04,0.8
2708,157.5,1,0.04,0.8
2709,67.5,1,0.04,0.8
2710,135,1,0.04,0.8
2711,225,1,0.04,0.8
2712,292.5,1,0.04,0.8
2713,90,1,0.04,0.8
2714,0,1,0.04,0.8
2715,337.5,1,0.04,0.8
2716,45,1,0.04,0.8
2717,112.5,1,0.04,0.8
2718,270,1,0.04,0.8
2719,315,1,0.04,0.8
2720,180,1,0.04,0.8
2721,225,1,0.04,0.8
2722,292.5,1,0.04,0.8
2723,22.5,1,0.04,0.8
2724,337.5,1,0.04,0.8
2725,45,1,0.04,0.8
2726,90,1,0.04,0.8
2727,135,1,0.04,0.8
2728,247.5,1,0.04,0.8
2729,202.5,1,0.04,0.8
2730,270,1,0.04,0.8
2731,67.5,1,0.04,0.8
2732,0,1,0.04,0.8
2733,180,1,0.04,0.8
2734,112.5,1,0.04,0.8
2735,157.5,1,0.04,0.8
2736,315,1,0.04,0.8
2737,202.5,1,0.04,0.8
2738,292.5,1,0.04,0.8
2739,270,1,0.04,0.8
2740,67.5,1,0.04,0.8
2741,225,1,0.04,0.8
2742,0,1,0.04,0.8
2743,337.5,1,0.04,0.8
2744,90,1,0.04,0.8
2745,157.5,1,0.04,0.8
2746,22.5,1,0.04,0.8
2747,45,1,0.04,0.8
2748,315,1,0.04,0.8
2749,112.5,1,0.04,0.8
2750,180,1,0.04,0.8
2751,247.5,1,0.04,0.8
2752,135,1,0.04,0.8
2753,292.5,1,0.04,0.8
2754,270,1,0.04,0.8
2755,112.5,1,0.04,0.8
2756,0,1,0.04,0.8
2757,135,1,0.04,0.8
2758,225,1,0.04,0.8
2759,67.5,1,0.04,0.8
2760,90,1,0.04,0.8
2761,247.5,1,0.04,0.8
2762,45,1,0.04,0.8
2763,315,1,0.04,0.8
2764,202.5,1,0.04,0.8
2765,157.5,1,0.04,0.8
2766,22.5,1,0.04,0.8
2767,337.5,1,0.04,0.8
2768,180,1,0.04,0.8
2769,135,1,0.04,0.8
2770,292.5,1,0.04,0.8
2771,225,1,0.04,0.8
2772,45,1,0.04,0.8
2773,202.5,1,0.04,0.8
2774,270,1,0.04,0.8
2775,67.5,1,0.04,0.8
2776,247.5,1,0.04,0.8
2777,90,1,0.04,0.8
2778,337.5,1,0.04,0.8
2779,157.5,1,0.04,0.8
2780,180,1,0.04,0.8
2781,0,1,0.04,0.8
2782,22.5,1,0.04,0.8
2783,315,1,0.04,0.8
2784,112.5,1,0.04,0.8
2785,337.5,1,0.04,0.8
2786,67.5,1,0.04,0.8
2787,292.5,1,0.04,0.8
2788,22.5,1,0.04,0.8
2789,112.5,1,0.04,0.8
2790,315,1,0.04,0.8
2791,180,1,0.04,0.8
2792,45,1,0.04,0.8
2793,90,1,0.04,0.8
2794,202.5,1,0.04,0.8
2795,270,1,0.04,0.8
2796,247.5,1,0.04,0.8
2797,0,1,0.04,0.8
2798,135,1,0.04,0.8
2799,225,1,0.04,0.8
2800,157.5,1,0.04,0.8
2801,157.5,1,0.04,0.8
2802,225,1,0.04,0.8
2803,247.5,1,0.04,0.8
2804,337.5,1,0.04,0.8
2805,315,1,0.04,0.8
2806,0,1,0.04,0.8
2807,202.5,1,0.04,0.8
2808,270,1,0.04,0.8
2809,90,1,0.04,0.8
2810,180,1,0.04,0.8
2811,135,1,0.04,0.8
2812,45,1,0.04,0.8
2813,22.5,1,0.04,0.8
2814,112.5,1,0.04,0.8
2815,292.5,1,0.04,0.8
2816,67.5,1,0.04,0.8
2817,270,1,0.04,0.8
2818,90,1,0.04,0.8
2819,180,1,0.04,0.8
2820,67.5,1,0.04,0.8
2821,135,1,0.04,0.8
2822,112.5,1,0.04,0.8
2823,0,1,0.04,0.8
2824,22.5,1,0.04,0.8
2825,292.5,1,0.04,0.8
2826,247.5,1,0.04,0.8
2827,337.5,1,0.04,0.8
2828,315,1,0.04,0.8
2829,45,1,0.04,0.8
2830,202.5,1,0.04,0.8
2831,157.5,1,0.04,0.8
2832,225,1,0.04,0.8
2833,67.5,1,0.04,0.8
2834,112.5,1,0.04,0.8
2835,202.5,1,0.04,0.8
2836,337.5,1,0.04,0.8
2837,315,1,0.04,0.8
2838,135,1,0.04,0.8
2839,225,1,0.04,0.8
2840,270,1,0.04,0.8
2841,157.5,1,0.04,0.8
2842,22.5,1,0.04,0.8
2843,180,1,0.04,0.8
2844,292.5,1,0.04,0.8
2845,90,1,0.04,0.8
2846,247.5,1,0.04,0.8
2847,0,1,0.04,0.8
2848,45,1,0.04,0.8
2849,67.5,1,0.04,0.8
2850,315,1,0.04,0.8
2851,90,1,0.04,0.8
2852,337.5,1,0.04,0.8
2853,292.5,1,0.04,0.8
2854,157.5,1,0.04,0.8
2855,112.5,1,0.04,0.8
2856,202.5,1,0.04,0.8
2857,22.5,1,0.04,0.8
2858,225,1,0.04,0.8
2859,270,1,0.04,0.8
2860,180,1,0.04,0.8
2861,45,1,0.04,0.8
2862,135,1,0.04,0.8
2863,0,1,0.04,0.8
2864,247.5,1,0.04,0.8
2865,157.5,1,0.04,0.8
2866,112.5,1,0.04,0.8
2867,22.5,1,0.04,0.8
2868,180,1,0.04,0.8
2869,45,1,0.04,0.8
2870,247.5,1,0.04,0.8
2871,225,1,0.04,0.8
2872,67.5,1,0.04,0.8
2873,90,1,0.04,0.8
2874,135,1,0.04,0.8
2875,337.5,1,0.04,0.8
2876,0,1,0.04,0.8
2877,202.5,1,0.04,0.8
2878,270,1,0.04,0.8
2879,315,1,0.04,0.8
2880,292.5,1,0.04,0.8
2881,292.5,1,0.04,0.8
2882,202.5,1,0.04,0.8
2883,157.5,1,0.04,0.8
2884,315,1,0.04,0.8
2885,90,1,0.04,0.8
2886,0,1,0.04,0.8
2887,22.5,1,0.04,0.8
2888,180,1,0.04,0.8
2889,135,1,0.04,0.8
2890,67.5,1,0.04,0.8
2891,270,1,0.04,0.8
2892,45,1,0.04,0.8
2893,225,1,0.04,0.8
2894,337.5,1,0.04,0.8
2895,247.5,1,0.04,0.8
2896,112.5,1,0.04,0.8
2897,270,1,0.04,0.8
2898,45,1,0.04,0.8
2899,90,1,0.04,0.8
2900,247.5,1,0.04,0.8
2901,135,1,0.04,0.8
2902,0,1,0.04,0.8
2903,112.5,1,0.04,0.8
2904,337.5,1,0.04,0.8
2905,315,1,0.04,0.8
2906,202.5,1,0.04,0.8
2907,292.5,1,0.04,0.8
2908,67.5,1,0.04,0.8
2909,180,1,0.04,0.8
2910,22.5,1,0.04,0.8
2911,225,1,0.04,0.8
2912,157.5,1,0.04,0.8
2913,67.5,1,0.04,0.8
2914,225,1,0.04,0.8
2915,337.5,1,0.04,0.8
2916,0,1,0.04,0.8
2917,315,1,0.04,0.8
2918,202.5,1,0.04,0.8
2919,135,1,0.04,0.8
2920,90,1,0.04,0.8
2921,247.5,1,0.04,0.8
2922,180,1,0.04,0.8
2923,45,1,0.04,0.8
2924,157.5,1,0.04,0.8
2925,22.5,1,0.04,0.8
2926,270,1,0.04,0.8
2927,292.5,1,0.04,0.8
2928,112.5,1,0.04,0.8
2929,0,1,0.04,0.8
2930,337.5,1,0.04,0.8
2931,157.5,1,0.04,0.8
2932,22.5,1,0.04,0.8
2933,292.5,1,0.04,0.8
2934,202.5,1,0.04,0.8
2935,315,1,0.04,0.8
2936,45,1,0.04,0.8
2937,225,1,0.04,0.8
2938,90,1,0.04,0.8
2939,247.5,1,0.04,0.8
2940,135,1,0.04,0.8
2941,67.5,1,0.04,0.8
2942,270,1,0.04,0.8
2943,112.5,1,0.04,0.8
2944,180,1,0.04,0.8
2945,225,1,0.04,0.8
2946,180,1,0.04,0.8
2947,202.5,1,0.04,0.8
2948,45,1,0.04,0.8
2949,135,1,0.04,0.8
2950,157.5,1,0.04,0.8
2951,292.5,1,0.04,0.8
2952,112.5,1,0.04,0.8
2953,22.5,1,0.04,0.8
2954,0,1,0.04,0.8
2955,247.5,1,0.04,0.8
2956,270,1,0.04,0.8
2957,67.5,1,0.04,0.8
2958,337.5,1,0.04,0.8
2959,315,1,0.04,0.8
2960,90,1,0.04,0.8
2961,292.5,1,0.04,0.8
2962,247.5,1,0.04,0.8
2963,157.5,1,0.04,0.8
2964,315,1,0.04,0.8
2965,202.5,1,0.04,0.8
2966,22.5,1,0.04,0.8
2967,45,1,0.04,0.8
2968,90,1,0.04,0.8
2969,180,1,0.04,0.8
2970,225,1,0.04,0.8
2971,270,1,0.04,0.8
2972,112.5,1,0.04,0.8
2973,67.5,1,0.04,0.8
2974,337.5,1,0.04,0.8
2975,135,1,0.04,0.8
2976,0,1,0.04,0.8
2977,90,1,0.04,0.8
2978,45,1,0.04,0.8
2979,247.5,1,0.04,0.8
2980,67.5,1,0.04,0.8
2981,270,1,0.04,0.8
2982,315,1,0.04,0.8
2983,157.5,1,0.04,0.8
2984,225,1,0.04,0.8
2985,22.5,1,0.04,0.8
2986,337.5,1,0.04,0.8
2987,0,1,0.04,0.8
2988,202.5,1,0.04,0.8
2989,292.5,1,0.04,0.8
2990,135,1,0.04,0.8
2991,112.5,1,0.04,0.8
2992,180,1,0.04,0.8
2993,45,1,0.04,0.8
2994,247.5,1,0.04,0.8
2995,90,1,0.04,0.8
2996,315,1,0.04,0.8
2997,0,1,0.04,0.8
2998,157.5,1,0.04,0.8
2999,180,1,0.04,0.8
3000,292.5,1,0.04,0.8
3001,225,1,0.04,0.8
3002,135,1,0.04,0.8
3003,270,1,0.04,0.8
3004,67.5,1,0.04,0.8
3005,22.5,1,0.04,0.8
3006,337.5,1,0.04,0.8
3007,202.5,1,0.04,0.8
3008,112.5,1,0.04,0.8
3009,247.5,1,0.04,0.8
3010,90,1,0.04,0.8
3011,22.5,1,0.04,0.8
3012,157.5,1,0.04,0.8
3013,225,1,0.04,0.8
3014,202.5,1,0.04,0.8
3015,315,1,0.04,0.8
3016,0,1,0.04,0.8
3017,337.5,1,0.04,0.8
3018,112.5,1,0.04,0.8
3019,180,1,0.04,0.8
3020,270,1,0.04,0.8
3021,67.5,1,0.04,0.8
3022,135,1,0.04,0.8
3023,45,1,0.04,0.8
3024,292.5,1,0.04,0.8
3025,135,1,0.04,0.8
3026,247.5,1,0.04,0.8
3027,157.5,1,0.04,0.8
3028,112.5,1,0.04,0.8
3029,180,1,0.04,0.8
3030,45,1,0.04,0.8
3031,315,1,0.04,0.8
3032,22.5,1,0.04,0.8
3033,270,1,0.04,0.8
3034,337.5,1,0.04,0.8
3035,292.5,1,0.04,0.8
3036,90,1,0.04,0.8
3037,225,1,0.04,0.8
3038,67.5,1,0.04,0.8
3039,202.5,1,0.04,0.8
3040,0,1,0.04,0.8
3041,337.5,1,0.04,0.8
3042,22.5,1,0.04,0.8
3043,45,1,0.04,0.8
3044,0,1,0.04,0.8
3045,157.5,1,0.04,0.8
3046,90,1,0.04,0.8
3047,112.5,1,0.04,0.8
3048,315,1,0.04,0.8
3049,292.5,1,0.04,0.8
3050,180,1,0.04,0.8
3051,135,1,0.04,0.8
3052,247.5,1,0.04,0.8
3053,270,1,0.04,0.8
3054,202.5,1,0.04,0.8
3055,67.5,1,0.04,0.8
3056,225,1,0.04,0.8
3057,180,1,0.04,0.8
3058,67.5,1,0.04,0.8
3059,292.5,1,0.04,0.8
3060,225,1,0.04,0.8
3061,112.5,1,0.04,0.8
3062,22.5,1,0.04,0.8
3063,337.5,1,0.04,0.8
3064,315,1,0.04,0.8
3065,202.5,1,0.04,0.8
3066,135,1,0.04,0.8
3067,157.5,1,0.04,0.8
3068,90,1,0.04,0.8
3069,270,1,0.04,0.8
3070,0,1,0.04,0.8
3071,45,1,0.04,0.8
3072,247.5,1,0.04,0.8
3073,225,1,0.04,0.8
3074,315,1,0.04,0.8
3075,0,1,0.04,0.8
3076,292.5,1,0.04,0.8
3077,157.5,1,0.04,0.8
3078,112.5,1,0.04,0.8
3079,67.5,1,0.04,0.8
3080,22.5,1,0.04,0.8
3081,135,1,0.04,0.8
3082,202.5,1,0.04,0.8
3083,247.5,1,0.04,0.8
3084,90,1,0.04,0.8
3085,45,1,0.04,0.8
3086,337.5,1,0.04,0.8
3087,270,1,0.04,0.8
3088,180,1,0.04,0.8
3089,90,1,0.04,0.8
3090,0,1,0.04,0.8
3091,337.5,1,0.04,0.8
3092,247.5,1,0.04,0.8
3093,225,1,0.04,0.8
3094,157.5,1,0.04,0.8
3095,112.5,1,0.04,0.8
3096,202.5,1,0.04,0.8
3097,67.5,1,0.04,0.8
3098,22.5,1,0.04,0.8
3099,315,1,0.04,0.8
3100,135,1,0.04,0.8
3101,292.5,1,0.04,0.8
3102,270,1,0.04,0.8
3103,180,1,0.04,0.8
3104,45,1,0.04,0.8
3105,135,1,0.04,0.8
3106,292.5,1,0.04,0.8
3107,157.5,1,0.04,0.8
3108,90,1,0.04,0.8
3109,337.5,1,0.04,0.8
3110,247.5,1,0.04,0.8
3111,22.5,1,0.04,0.8
3112,202.5,1,0.04,0.8
3113,112.5,1,0.04,0.8
3114,270,1,0.04,0.8
3115,225,1,0.04,0.8
3116,315,1,0.04,0.8
3117,45,1,0.04,0.8
3118,0,1,0.04,0.8
3119,67.5,1,0.04,0.8
3120,180,1,0.04,0.8
3121,112.5,1,0.04,0.8
3122,292.5,1,0.04,0.8
3123,315,1,0.04,0.8
3124,67.5,1,0.04,0.8
3125,202.5,1,0.04,0.8
3126,90,1,0.04,0.8
3127,337.5,1,0.04,0.8
3128,270,1,0.04,0.8
3129,135,1,0.04,0.8
3130,247.5,1,0.04,0.8
3131,225,1,0.04,0.8
3132,0,1,0.04,0.8
3133,45,1,0.04,0.8
3134,180,1,0.04,0.8
3135,22.5,1,0.04,0.8
3136,157.5,1,0.04,0.8
3137,0,1,0.04,0.8
3138,157.5,1,0.04,0.8
3139,292.5,1,0.04,0.8
3140,22.5,1,0.04,0.8
3141,225,1,0.04,0.8
3142,247.5,1,0.04,0.8
3143,90,1,0.04,0.8
3144,270,1,0.04,0.8
3145,337.5,1,0.04,0.8
3146,45,1,0.04,0.8
3147,180,1,0.04,0.8
3148,112.5,1,0.04,0.8
3149,135,1,0.04,0.8
3150,202.5,1,0.04,0.8
3151,67.5,1,0.04,0.8
3152,315,1,0.04,0.8
3153,247.5,1,0.04,0.8
3154,0,1,0.04,0.8
3155,157.5,1,0.04,0.8
3156,67.5,1,0.04,0.8
3157,337.5,1,0.04,0.8
3158,292.5,1,0.04,0.8
3159,315,1,0.04,0.8
3160,22.5,1,0.04,0.8
3161,202.5,1,0.04,0.8
3162,270,1,0.04,0.8
3163,225,1,0.04,0.8
3164,90,1,0.04,0.8
3165,135,1,0.04,0.8
3166,112.5,1,0.04,0.8
3167,45,1,0.04,0.8
3168,180,1,0.04,0.8
3169,112.5,1,0.04,0.8
3170,135,1,0.04,0.8
3171,225,1,0.04,0.8
3172,0,1,0.04,0.8
3173,45,1,0.04,0.8
3174,90,1,0.04,0.8
3175,315,1,0.04,0.8
3176,270,1,0.04,0.8
3177,292.5,1,0.04,0.8
3178,22.5,1,0.04,0.8
3179,67.5,1,0.04,0.8
3180,337.5,1,0.04,0.8
3181,180,1,0.04,0.8
3182,157.5,1,0.04,0.8
3183,247.5,1,0.04,0.8
3184,202.5,1,0.04,0.8
3185,135,1,0.04,0.8
3186,225,1,0.04,0.8
3187,67.5,1,0.04,0.8
3188,90,1,0.04,0.8
3189,45,1,0.04,0.8
3190,270,1,0.04,0.8
3191,180,1,0.04,0.8
3192,292.5,1,0.04,0.8
3193,22.5,1,0.04,0.8
3194,112.5,1,0.04,0.8
3195,247.5,1,0.04,0.8
3196,337.5,1,0.04,0.8
3197,0,1,0.04,0.8
3198,315,1,0.04,0.8
3199,202.5,1,0.04,0.8
3200,157.5,1,0.04,0.8
